Data,Otwarcie,Najwyzszy,Najnizszy,Zamkniecie,Wolumen
2019-03-01,21.6113,22.0242,21.4459,22.0242,64217.842171942
2019-03-04,22.354,22.6016,21.7757,21.8589,2865.4481576461
2019-03-05,21.8589,21.8589,21.5301,21.8589,2711.6617833584
2019-03-06,21.8589,21.8589,21.6113,21.8589,1354.7847258677
2019-03-07,21.6113,21.7757,21.6113,21.6113,1969.9302230185
2019-03-08,21.6113,21.6113,21.5301,21.5301,6220.5019150652
2019-03-11,21.7757,21.7757,21.5301,21.5301,1007.4576764561
2019-03-12,21.7757,21.7757,21.6113,21.7757,1680.1422932383
2019-03-13,21.8589,21.8589,21.1983,21.5301,4817.5935618694
2019-03-14,21.5301,21.6113,21.3638,21.4459,7847.289751918
2019-03-15,21.4459,21.6113,21.2815,21.3638,8195.6629671411
2019-03-18,21.5301,21.5301,21.1171,21.4459,26950.277469558
2019-03-19,21.3638,21.4459,21.1983,21.1983,3901.1523110122
2019-03-20,21.4459,21.4459,21.0349,21.4459,3488.9629812887
2019-03-21,21.1983,21.4459,21.1983,21.4459,2558.9215748822
2019-03-22,21.4459,21.4459,21.1983,21.4459,3306.930130091
2019-03-25,21.4459,21.4459,21.1171,21.4459,2861.2634944002
2019-03-26,21.4459,21.4459,21.4459,21.4459,1939.5914144855
2019-03-27,21.4459,21.4459,21.1171,21.1171,1101.6125994894
2019-03-28,21.1983,21.4459,21.1983,21.4459,1521.1250898932
2019-03-29,21.4459,21.4459,20.8686,21.2815,4465.0356834003
2019-04-01,21.2815,21.3638,21.2815,21.3638,2908.3409559168
2019-04-02,21.0349,21.4459,21.0349,21.4459,283.51093491132
2019-04-03,21.1983,21.4459,21.1983,21.4459,6220.5019150652
2019-04-04,21.4459,21.6113,21.3638,21.3638,31981.28885697
2019-04-05,21.4459,21.6113,21.3638,21.4459,1760.6970607223
2019-04-08,21.4459,21.4459,21.1983,21.4459,5191.0747565681
2019-04-09,21.4459,21.4459,21.4459,21.4459,3491.0553129117
2019-04-10,21.4459,21.6113,21.2815,21.5301,3831.0592016429
2019-04-11,21.4459,21.8589,21.4459,21.4459,3313.2071249599
2019-04-12,21.5301,21.9411,21.1983,21.1983,9169.6433376298
2019-04-15,21.1983,21.6935,21.1983,21.4459,3092.4661387374
2019-04-16,21.6113,21.6113,21.6113,21.6113,1127.7667447764
2019-04-17,21.6113,21.6113,21.6113,21.6113,1388.2620318351
2019-04-18,21.4459,21.6935,21.4459,21.4459,1783.7127085749
2019-04-23,21.3638,21.5301,21.1983,21.5301,1397.6775241384
2019-04-24,21.5301,21.5301,21.1983,21.4459,3428.2853642228
2019-04-25,21.1983,21.4459,21.1983,21.3638,987.58052603794
2019-04-26,21.1171,21.3638,21.0349,21.2815,1686.4192881072
2019-04-29,21.2815,21.3638,20.7042,21.2815,1144.5053977601
2019-04-30,21.1171,21.4459,21.0349,21.3638,1727.2197547549
2019-05-06,21.4459,21.4459,20.9527,21.2815,423.69715364975
2019-05-07,21.1983,21.3638,21.1171,21.2815,1067.0891277105
2019-05-08,21.2815,21.2815,21.1171,21.1171,1210.4138438834
2019-05-09,21.1171,21.2815,21.1171,21.2815,3955.5529332092
2019-05-13,21.2815,21.2815,21.0349,21.0349,412.18932972346
2019-05-14,20.7863,20.7863,19.9615,20.622,3118.6202840245
2019-05-15,20.622,21.0349,20.622,21.0349,99.385752090682
2019-05-16,20.8686,20.8686,20.8686,20.8686,550.28321683894
2019-05-17,20.9527,21.0349,20.8686,20.8686,311.7574118213
2019-05-20,20.4557,20.7042,20.0446,20.7042,778.34736374177
2019-05-21,20.5398,20.622,20.5398,20.622,228.06414690283
2019-05-22,20.1269,20.622,20.1269,20.622,43.938964082196
2019-05-23,20.622,20.8686,20.622,20.7042,13467.292491194
2019-05-24,21.0349,21.1983,21.0349,21.0349,1302.4764352937
2019-05-27,21.0349,21.1171,21.0349,21.0349,856.80979960283
2019-05-28,21.1983,21.1983,20.9527,20.9527,811.82466970915
2019-05-29,21.1983,21.3638,21.1171,21.2815,4099.9238151935
2019-05-30,21.2815,21.4459,21.2815,21.4459,3732.7196153637
2019-05-31,21.1171,21.3638,21.1171,21.2815,5043.5653771493
2019-06-03,21.2815,21.2815,20.7863,20.7863,1004.3191790216
2019-06-04,20.8686,21.2815,20.8686,21.2815,567.02186982263
2019-06-05,21.2815,21.2815,20.7042,21.1171,335.81922548536
2019-06-06,21.1171,21.4459,21.1171,21.4459,2087.1007939043
2019-06-07,21.7021,21.7021,21.3618,21.3618,895.51793462762
2019-06-10,21.7021,21.7021,20.5913,20.8475,1487.6477839258
2019-06-11,20.5913,21.2757,20.5064,21.2757,2321.441935676
2019-06-12,21.0196,21.2757,20.6775,20.6775,2593.4450466611
2019-06-13,21.1037,21.1037,20.5913,20.6775,516.80591087155
2019-06-14,20.6775,21.0196,20.5064,20.6775,818.10166457804
2019-06-17,20.6775,20.9336,20.0799,20.9336,1377.8003737203
2019-06-18,20.6775,21.3618,20.6775,21.3618,1585.987370205
2019-06-19,21.2757,21.3618,21.2757,21.3618,512.62124762562
2019-06-21,21.3618,21.3618,21.2757,21.3618,93.108757221797
2019-06-24,20.6775,21.3618,20.6775,21.2757,564.92953819967
2019-06-25,21.3618,21.3618,20.6775,21.1898,2022.2385135925
2019-06-26,21.1898,21.2757,20.8475,21.2757,799.27067997138
2019-06-27,21.2757,21.2757,20.5064,21.1037,1552.5100642376
2019-06-28,20.6775,21.1037,20.5064,21.1037,660.13062704443
2019-07-01,21.1037,21.1037,20.5064,21.1037,950.96472263611
2019-07-02,20.9336,21.1037,20.8475,20.9336,6149.3626398845
2019-07-03,20.7634,20.9336,20.5913,20.7634,2786.985721785
2019-07-04,20.7634,21.1898,20.6775,21.1898,10907.324750499
2019-07-05,20.8475,21.1898,20.5913,21.1037,27843.703072563
2019-07-08,21.1037,21.1898,20.9336,21.1898,1445.8011514666
2019-07-09,21.1898,21.1898,21.1898,21.1898,233.29497596023
2019-07-10,21.1898,21.1898,21.1898,21.1898,865.17912609468
2019-07-11,21.1898,21.1898,21.1898,21.1898,742.77772615142
2019-07-12,21.1898,21.1898,20.9336,20.9336,2826.7400226213
2019-07-15,20.9336,21.0196,20.9336,20.9336,2792.2165508424
2019-07-16,20.9336,20.9336,20.7634,20.9336,1184.2596985963
2019-07-17,20.9336,20.9336,20.6775,20.9336,961.42638075092
2019-07-18,20.8475,20.8475,20.0799,20.5064,2700.1539594321
2019-07-19,20.7634,20.7634,20.5064,20.7634,2453.2588279226
2019-07-22,20.4203,20.6775,20.4203,20.6775,2834.0631833017
2019-07-23,20.5064,20.6775,20.5064,20.6775,6761.3696396008
2019-07-24,20.5913,20.5913,20.5064,20.5913,6610.7217627476
2019-07-25,20.6775,21.0196,20.3362,20.7634,3155.2360874263
2019-07-26,20.7634,20.7634,20.2501,20.4203,2654.122663727
2019-07-29,20.7634,20.7634,20.3362,20.4203,3629.1492000271
2019-07-30,20.4203,20.4203,19.6527,20.2501,14407.795555714
2019-07-31,20.0799,20.0799,19.908,20.0799,13860.65083631
2019-08-01,20.0799,20.0799,19.3105,19.5667,11449.238640847
2019-08-02,19.5667,20.0799,19.3105,19.6527,1234.4756575474
2019-08-05,19.6527,20.5064,19.6527,20.4203,1203.090683203
2019-08-06,19.9949,20.0799,19.2244,19.2244,4843.7477071564
2019-08-07,20.4203,20.4203,18.7982,19.0543,14528.104624034
2019-08-08,19.6527,19.6527,18.9683,19.0543,2869.632820892
2019-08-09,18.7982,19.9949,18.7982,19.6527,1362.1078865481
2019-08-12,20.0799,20.1651,20.0799,20.0799,427.88181689567
2019-08-13,19.8228,20.0799,19.8228,20.0799,1787.8973718208
2019-08-14,19.6527,19.6527,19.5667,19.6527,3453.3933436983
2019-08-19,19.5667,19.5667,19.4815,19.4815,2983.6648943434
2019-08-20,19.4815,19.6527,19.3105,19.6527,1459.4013070158
2019-08-21,19.6527,19.9949,19.6527,19.6527,472.86694678935
2019-08-22,19.3966,19.908,18.9683,19.6527,2225.1946810198
2019-08-23,19.908,19.908,19.908,19.908,1053.4889721612
2019-08-26,19.6527,19.6527,19.3105,19.6527,1199.9521857686
2019-08-27,19.3105,20.3362,19.3105,19.4815,2469.9974809063
2019-08-28,19.6527,19.9949,19.5667,19.9949,862.04062866023
2019-08-29,19.9949,20.2501,19.9949,20.2501,784.62435861065
2019-08-30,20.0799,20.0799,20.0799,20.0799,2224.1485152083
2019-09-02,19.4815,19.9949,19.4815,19.908,860.99446284875
2019-09-03,19.9949,20.0799,19.9949,19.9949,540.86772453561
2019-09-04,19.7378,19.908,19.7378,19.908,74.277772615142
2019-09-06,19.5667,20.0799,19.5667,20.0799,94.154923033278
2019-09-09,19.6527,20.5064,19.6527,20.5064,652.80746636406
2019-09-10,20.2501,20.2501,19.4815,19.4815,2863.3558260231
2019-09-11,19.3966,19.3966,18.37,19.0543,39810.793790093
2019-09-12,19.0543,19.8228,18.37,18.8833,68162.933447036
2019-09-13,19.1395,19.4815,18.8833,18.8833,3741.0889418556
2019-09-16,18.9683,19.3105,18.9683,19.3105,678.96161165108
2019-09-17,19.3105,19.3966,19.2244,19.3966,404.8661690431
2019-09-18,19.3105,19.3966,19.3105,19.3105,352.55787846905
2019-09-19,19.1395,19.4815,19.1395,19.3105,572.25269888003
2019-09-20,19.2244,19.6527,19.2244,19.6527,1217.7370045637
2019-09-23,19.6527,19.6527,19.5667,19.5667,1411.2776796877
2019-09-24,19.1395,19.4815,19.1395,19.2244,503.2057553223
2019-09-25,19.3966,19.3966,19.2244,19.2244,6715.3383438957
2019-09-26,19.5667,19.5667,18.7982,18.7982,21699.571261736
2019-09-27,19.3966,19.3966,18.541,18.7982,44082.288798369
2019-09-30,18.7121,19.1395,18.7121,19.1395,1358.9693891136
2019-10-01,19.1395,19.1395,19.0543,19.0543,636.06881338037
2019-10-02,18.7121,18.8833,18.7121,18.8833,1271.0914609493
2019-10-03,18.8833,18.9683,18.4559,18.9683,41450.135616683
2019-10-04,18.9683,18.9683,18.7982,18.7982,2601.8143731529
2019-10-07,19.0543,19.0543,18.9683,19.0543,2089.1931255273
2019-10-08,19.2244,19.3105,19.2244,19.3105,3472.224328305
2019-10-09,19.0543,19.3105,18.9683,19.3105,531.45223223228
2019-10-10,19.3105,19.4815,19.0543,19.3966,989.6728576609
2019-10-11,19.5667,19.5667,19.5667,19.5667,74.277772615142
2019-10-14,19.5667,19.6527,19.3966,19.3966,1817.1900145423
2019-10-15,19.1395,19.1395,18.7121,18.7121,15405.837739867
2019-10-16,18.7121,18.9683,18.4559,18.7982,3847.7978546266
2019-10-17,18.7982,18.7982,18.7982,18.7982,3246.2525130251
2019-10-18,18.9683,18.9683,18.37,18.541,11018.218326516
2019-10-21,18.541,18.7121,17.9436,18.1138,18512.950199965
2019-10-22,18.4559,18.4559,18.1998,18.4559,1346.4153993759
2019-10-23,18.541,18.541,18.1998,18.2839,5530.0324794879
2019-10-24,18.2839,18.541,18.1998,18.4559,2313.0726091842
2019-10-25,18.4559,18.4559,17.9436,17.9436,7141.1278291684
2019-10-28,18.1998,18.2839,17.9436,17.9436,1321.3074199003
2019-10-29,17.9436,17.9436,17.9436,17.9436,1663.4036402546
2019-10-30,17.9436,18.1138,17.9436,17.9436,1227.1524968671
2019-10-31,17.9436,18.1998,17.9436,18.1138,1955.2839016577
2019-11-04,18.1138,18.1138,17.7715,17.9436,2410.3660296519
2019-11-05,17.9436,18.1998,17.2602,17.9436,5048.7962062067
2019-11-06,18.0277,18.1998,17.9436,18.1138,1976.2072178874
2019-11-07,17.9436,18.1998,17.9436,17.9436,3796.5357298641
2019-11-08,18.0277,18.0277,17.8595,17.8595,3649.0263504453
2019-11-12,17.9436,18.1998,17.7715,17.9436,1601.6798573772
2019-11-13,18.0277,18.1138,17.8595,17.9436,3045.3886772208
2019-11-14,17.9436,18.0277,17.8595,17.9436,2260.7643186102
2019-11-15,18.37,18.37,17.7715,17.8595,4400.1734030885
2019-11-18,18.0277,18.1138,17.7715,18.1138,64755.571399043
2019-11-19,17.9436,18.1138,17.6023,17.7715,6006.0379237117
2019-11-20,17.9436,17.9436,17.7715,17.9436,99599.169916225
2019-11-21,17.9436,18.1998,17.9436,18.1998,2615.4145287022
2019-11-22,18.1138,18.7121,18.1138,18.1998,2717.9387782273
2019-11-25,18.37,18.37,18.1998,18.1998,1240.7526524163
2019-11-26,18.4559,18.7982,18.2839,18.7982,2713.7541149814
2019-11-27,18.7982,18.7982,18.1138,18.2839,3723.3041230604
2019-11-28,18.1998,18.1998,18.1138,18.1998,1102.6587653008
2019-11-29,18.1998,18.4559,18.1138,18.1998,5994.5300997854
2019-12-02,18.37,18.37,18.0277,18.1998,5218.2750676666
2019-12-03,18.1998,18.2839,18.1998,18.1998,5315.5684881343
2019-12-04,18.5478,18.5478,18.2858,18.3737,7276.0832188494
2019-12-05,18.4607,18.5478,18.3737,18.4607,14901.585818734
2019-12-06,18.5478,18.5478,18.3737,18.3737,2129.993592175
2019-12-09,18.4607,18.5478,18.4607,18.4607,825.4248252584
2019-12-10,18.4607,18.4607,18.4607,18.4607,2591.3527150381
2019-12-11,18.4607,18.4607,18.2858,18.2858,489.60559977305
2019-12-12,18.2858,18.5478,18.2858,18.5478,1007.4576764561
2019-12-13,18.3737,18.5478,18.3737,18.4607,3445.0240172065
2019-12-16,18.3737,18.7226,18.2858,18.5478,9250.1981051138
2019-12-17,18.5478,18.5478,18.1998,18.3737,10286.948424291
2019-12-18,18.5478,18.5478,18.4607,18.4607,1955.2839016577
2019-12-19,18.4607,18.4607,18.2858,18.2858,955.14938588203
2019-12-20,18.6347,18.6347,18.2858,18.3737,3203.3597147544
2019-12-23,18.3737,18.3737,18.2858,18.2858,1648.7573188938
2019-12-27,18.3737,18.3737,18.2858,18.2858,4564.421435491
2019-12-30,18.2858,18.3737,18.2858,18.2858,6281.1795321311
2020-01-02,18.4607,18.6347,18.2858,18.4607,2443.8433356193
2020-01-03,18.2858,18.2858,17.8519,18.0249,55680.082984447
2020-01-07,18.2858,18.2858,18.0249,18.2858,27559.145971841
2020-01-08,18.2858,18.2858,18.2858,18.2858,86901.855462281
2020-01-09,18.2858,18.2858,18.1998,18.2858,60718.417532538
2020-01-10,18.2858,18.4607,18.2858,18.2858,5096.9198335348
2020-01-13,18.2858,18.2858,18.1998,18.1998,2091.2854571503
2020-01-14,18.1998,18.9837,18.0249,18.8086,586109.16505309
2020-01-15,18.7226,18.9837,18.7226,18.9837,6228.8712415571
2020-01-16,18.9837,18.9837,18.7226,18.7226,2673.9998141451
2020-01-17,18.8086,18.8086,18.1128,18.6347,7298.0527008905
2020-01-20,18.6347,18.6347,18.2858,18.6347,10357.041533661
2020-01-21,18.6347,18.6347,18.2858,18.6347,7743.7193365814
2020-01-22,18.2858,18.5478,18.0249,18.0249,11269.298121271
2020-01-23,18.1998,18.1998,17.6769,18.0249,6284.3180295656
2020-01-24,18.0249,18.5478,18.0249,18.4607,72577.753171485
2020-01-27,18.4607,18.4607,18.0249,18.0249,31938.3960587
2020-01-28,18.1998,18.2858,18.0249,18.2858,2033.7463375188
2020-01-29,18.2858,18.2858,18.0249,18.0249,3528.717282125
2020-01-30,18.1998,18.1998,18.0249,18.0249,21166.02669788
2020-01-31,18.1128,18.4607,18.0249,18.3737,4568.6060987369
2020-02-03,18.2858,18.2858,18.1128,18.1998,703.02342531514
2020-02-04,18.2858,18.2858,18.0249,18.0249,2458.48965698
2020-02-05,18.2858,18.8966,18.1128,18.6347,5729.8501494807
2020-02-06,18.6347,18.8966,18.1998,18.1998,3677.2728273552
2020-02-07,18.3737,18.4607,18.1998,18.3737,3835.2438648889
2020-02-10,18.5478,18.5478,18.2858,18.2858,2643.6610056122
2020-02-11,18.4607,18.4607,18.2858,18.2858,2289.0107955201
2020-02-12,18.2858,18.3737,18.1128,18.2858,766.83953981548
2020-02-13,18.4607,18.6347,18.2858,18.6347,451.94363055973
2020-02-14,18.4607,18.4607,18.4607,18.4607,769.97803724992
2020-02-17,18.4607,18.4607,18.3737,18.4607,826.47099106989
2020-02-18,18.3737,18.4607,18.3737,18.4607,1428.0163326714
2020-02-19,18.2858,18.8966,18.2858,18.8966,3575.7947436416
2020-02-20,18.6347,18.8966,18.6347,18.7226,2652.030332104
2020-02-21,18.7226,18.8086,18.5478,18.8086,998.04218415275
2020-02-24,18.8086,18.8086,18.2858,18.2858,1397.6775241384
2020-02-25,18.2858,18.8086,18.0249,18.3737,9796.2966587068
2020-02-26,18.4607,18.6347,18.0249,18.2858,2653.0764979155
2020-02-27,18.1998,18.2858,17.7638,18.1128,4619.8682234995
2020-02-28,17.503,17.8519,16.5022,17.8519,11017.172160705
2020-03-02,17.59,18.0249,17.328,17.328,9193.7051512939
2020-03-03,18.2858,18.2858,17.4159,17.4159,6575.1521251572
2020-03-04,17.7638,17.7638,16.894,17.241,9581.8326673533
2020-03-05,17.4159,17.4159,16.7182,17.198,4240.110033932
2020-03-06,17.241,17.241,16.5022,16.5452,10238.824796963
2020-03-09,16.5022,16.5022,14.4116,14.5857,9343.3068623356
2020-03-10,14.8027,15.6744,14.8027,14.8027,13893.081976466
2020-03-11,15.2395,15.6744,14.4116,14.7166,9963.6831885438
2020-03-12,14.6296,14.6296,12.1912,13.062,37404.612423687
2020-03-13,13.062,14.1938,13.062,13.062,9066.0729222932
2020-03-16,13.105,13.105,12.1472,12.3661,30913.153563448
2020-03-17,12.4521,13.4959,12.3661,12.713,14475.79633346
2020-03-18,13.062,13.8888,13.062,13.8448,3073.6351541308
2020-03-19,13.9338,15.1515,13.9338,15.0645,4314.3878065471
2020-03-20,14.8027,15.2395,13.9338,14.1067,7102.4196941436
2020-03-23,14.1938,14.9785,14.1938,14.7166,3563.2407539038
2020-03-24,15.1515,15.1515,14.1938,14.1938,2893.6946345561
2020-03-25,14.2817,14.2817,13.6718,14.2817,3732.7196153637
2020-03-26,13.6718,14.1938,13.6718,14.0197,1721.9889256975
2020-03-27,14.1498,14.1938,14.0197,14.1938,2856.0326653428
2020-03-30,14.4987,14.4987,13.7579,14.0197,3901.1523110122
2020-03-31,14.3687,14.4547,13.9338,14.1067,4291.3721586945
2020-04-01,14.1067,14.3246,13.9338,14.2817,454.0359621827
2020-04-02,14.2817,14.2817,13.8448,13.9338,1943.7760777315
2020-04-03,13.9338,14.0637,13.8028,13.9758,6692.3226960431
2020-04-06,13.9758,14.1067,13.8028,13.9758,4755.869778992
2020-04-07,14.0197,14.1498,13.8028,13.8888,16422.710908627
2020-04-08,13.8448,13.9338,13.6718,13.8448,6160.8704638108
2020-04-09,13.4959,13.9338,13.4959,13.9338,7631.7795947529
2020-04-14,13.9338,14.2817,13.9338,13.9338,28490.233544059
2020-04-15,14.4987,14.5416,14.0197,14.2367,9116.2888812443
2020-04-16,14.2817,14.6296,14.2817,14.4116,3018.1883661223
2020-04-17,14.6296,16.0233,14.4547,15.9353,14038.499024262
2020-04-20,16.0233,17.1561,15.9353,16.7631,16868.377544318
2020-04-21,16.7631,16.7631,15.5003,15.9794,6109.6083390483
2020-04-22,15.8044,16.1532,15.8044,16.0663,4111.4316391198
2020-04-23,16.1972,16.6321,16.1972,16.2833,2270.1798109135
2020-04-24,16.894,16.894,15.9353,16.0233,3061.081164393
2020-04-27,16.1532,16.5452,16.1532,16.5452,4467.1280150233
2020-04-28,16.6321,16.7182,16.4582,16.5452,3301.6993010336
2020-04-29,16.4582,16.5022,16.2833,16.5022,1619.4646761724
2020-04-30,16.3712,16.4582,16.2402,16.4582,4430.5122116215
2020-05-04,16.4582,16.6761,16.3712,16.5022,2446.9818330537
2020-05-05,16.5022,16.894,16.5022,16.894,2036.8848349532
2020-05-06,16.2402,16.7631,16.2402,16.5452,1554.6023958606
2020-05-07,16.2833,16.5452,16.2833,16.5452,545.05238778153
2020-05-08,16.4152,16.5452,16.4152,16.5022,490.65176558453
2020-05-11,16.5452,16.5452,16.2402,16.5452,3714.9347965686
2020-05-12,16.5452,16.894,16.5452,16.7631,7174.6051351358
2020-05-13,16.7182,16.8492,16.7182,16.8492,3729.5811179293
2020-05-14,16.6761,16.894,16.6761,16.7182,5155.5051189777
2020-05-15,16.894,16.894,16.6761,16.7182,2071.4083067321
2020-05-18,16.7631,16.8071,16.7182,16.7631,1239.7064866048
2020-05-19,16.6761,16.6761,16.4582,16.6321,707.20808856107
2020-05-20,16.7182,16.8071,16.7182,16.7631,1758.6047290993
2020-05-21,16.7182,16.7182,16.7182,16.7182,2251.3488263068
2020-05-22,16.7182,16.8071,16.5452,16.6761,1071.2737909564
2020-05-25,16.1532,16.7631,16.1103,16.5452,2202.1790331672
2020-05-26,16.5452,16.7182,16.4582,16.5452,8296.0948850433
2020-05-27,16.894,17.1111,16.5022,16.9371,15557.531782532
2020-05-28,16.9371,17.59,16.9371,17.241,6731.0308310679
2020-05-29,16.894,17.59,16.894,17.286,2847.6633388509
2020-06-01,17.4159,17.503,17.328,17.4159,4915.9331481486
2020-06-02,17.503,17.59,17.4159,17.59,9651.9257767225
2020-06-03,17.503,18.1128,17.503,17.8519,7272.944721415
2020-06-04,17.8519,17.9388,17.7638,17.9388,4114.5701365542
2020-06-05,17.9388,18.0249,17.503,17.6769,7222.7287624639
2020-06-08,17.9388,17.9388,17.6769,17.9388,7482.1778837112
2020-06-09,17.4159,17.9388,17.4159,17.9388,3402.1312189358
2020-06-10,17.8519,18.1998,17.8519,18.0249,10728.430396736
2020-06-12,17.241,17.9388,15.7614,17.7638,8230.18643892
2020-06-15,17.6769,17.6769,17.328,17.59,2551.5984142018
2020-06-16,17.7638,17.9388,17.59,17.7638,3180.3440669018
2020-06-17,17.6769,17.7638,17.59,17.6769,5174.3361035844
2020-06-18,17.7638,17.7638,17.59,17.7638,418.46632459235
2020-06-19,17.6769,18.0249,17.503,18.0249,2278.5491374053
2020-06-22,18.0249,18.1128,17.7638,17.9388,1483.4631206799
2020-06-23,17.9388,18.0249,17.9388,18.0249,1033.6118217431
2020-06-24,18.1998,18.1998,17.9388,18.1128,2143.5937477243
2020-06-25,17.9388,18.1998,17.9388,18.1128,1677.0037958038
2020-06-26,18.1128,18.1128,18.1128,18.1128,765.79337400399
2020-06-29,17.9388,18.1128,17.9388,18.1128,3872.9058341022
2020-06-30,18.1128,18.1998,17.9388,18.1128,4142.8166134642
2020-07-01,18.1128,18.1128,17.9388,17.9388,1419.6470061795
2020-07-02,17.8519,18.0249,17.8519,17.8519,7102.4196941436
2020-07-03,18.0249,18.1998,17.9388,18.0249,3882.3213264055
2020-07-06,18.0249,18.1128,17.9388,18.1128,4990.2109207637
2020-07-07,18.0249,18.0249,17.9388,17.9388,3128.0357763278
2020-07-08,18.0249,18.1128,17.9388,18.1128,3890.6906528973
2020-07-09,18.1128,18.2858,17.9388,18.0249,6433.9197406073
2020-07-10,18.0249,18.1128,17.8519,18.0249,3212.7752070577
2020-07-13,18.0249,18.0249,17.9388,18.0249,1259.583637023
2020-07-14,17.8519,17.9388,17.8519,17.9388,866.22529190616
2020-07-15,18.0249,18.0249,17.8519,17.9388,2942.8644276957
2020-07-16,18.0249,18.0249,17.8519,17.8519,268.86461355058
2020-07-17,17.8519,17.8519,17.503,17.6769,2689.6923013173
2020-07-20,17.7638,17.7638,17.6769,17.7638,4386.5732475393
2020-07-21,17.7638,17.9388,17.59,17.9388,2286.9184638972
2020-07-22,17.9388,18.0249,17.6769,17.6769,4989.1647549523
2020-07-23,17.7638,18.2858,17.7638,17.9388,3020.2806977453
2020-07-24,18.2858,18.6347,17.9388,18.0249,9918.6980586501
2020-07-27,18.0249,18.5478,18.0249,18.0249,1511.7095975899
2020-07-28,18.0249,18.1128,17.7638,18.1128,2811.0475354491
2020-07-29,18.1128,18.1128,17.7638,17.9388,1181.1212011619
2020-07-30,18.1998,18.1998,17.7638,17.7638,3090.3738071145
2020-07-31,17.6769,18.0249,17.59,17.8519,5463.0778675531
2020-08-03,17.8519,18.2858,17.8519,18.2858,3713.8886307571
2020-08-04,18.3737,18.4607,18.2858,18.2858,1061.8582986531
2020-08-05,20.0283,20.6392,19.2445,20.4633,24284.646981906
2020-08-06,20.4633,20.4633,19.6804,20.4633,11811.212011619
2020-08-07,20.4633,20.4633,18.7226,20.3773,15567.993440647
2020-08-10,19.6804,20.0283,19.2445,19.5924,4762.1467738609
2020-08-11,19.5924,20.2014,19.3316,19.5924,4642.8838713521
2020-08-12,20.0283,20.0283,19.3316,19.5924,2707.4771201125
2020-08-13,19.4186,19.5055,19.0696,19.1566,4524.6671346548
2020-08-14,19.0677,19.0677,18.6194,18.889,2797.4473798998
2020-08-17,19.0677,20.1421,19.0677,19.7846,10788.06184799
2020-08-18,19.4262,19.6948,19.2474,19.6039,2625.876186817
2020-08-19,19.6039,19.6948,18.9788,19.516,1963.6532281496
2020-08-20,19.516,19.516,19.0677,19.0677,3493.1476445346
2020-08-21,19.1566,19.1566,18.5315,18.5315,3182.4363985248
2020-08-24,18.3518,19.0677,18.3518,19.0677,1329.6767463922
2020-08-25,18.8001,19.0677,18.8001,18.8001,835.88648337321
2020-08-26,18.9788,18.9788,18.6194,18.889,1418.6008403681
2020-08-27,18.8001,19.0677,18.8001,19.0677,322.21906993611
2020-08-28,19.4262,19.6948,18.889,19.6948,3180.3440669018
2020-08-31,19.6948,19.6948,19.4262,19.6948,465.54378610899
2020-09-01,19.6039,19.6948,18.9788,19.6948,4587.4370833436
2020-09-02,19.7846,20.1421,19.6948,20.0523,4066.4465092261
2020-09-03,20.0523,20.0523,19.8735,19.8735,1419.6470061795
2020-09-04,19.8735,19.8735,19.2474,19.6948,1432.2009959173
2020-09-07,19.2474,19.4262,19.2474,19.3363,808.68617227471
2020-09-08,19.3363,19.3363,18.7093,18.7093,4829.1013857957
2020-09-09,18.6194,19.1566,18.6194,19.0677,2088.1469597158
2020-09-10,19.0677,19.2474,19.0677,19.2474,35322.74245884
2020-09-11,18.9788,19.516,18.889,19.516,5974.6529493672
2020-09-14,18.9788,19.1566,18.9788,18.9788,3717.0271281915
2020-09-15,18.9788,18.9788,18.7093,18.7093,7365.0073128253
2020-09-16,18.8001,19.1566,18.8001,19.1566,1468.8167993191
2020-09-17,19.1566,19.1566,18.7093,18.9788,35618.807383489
2020-09-18,18.8001,18.9788,18.6194,18.8001,3732.7196153637
2020-09-21,18.9788,19.1566,18.5315,18.6194,3144.7744293115
2020-09-22,18.4416,18.9788,18.4416,18.9788,2215.7791887165
2020-09-23,18.6194,18.8001,18.4416,18.7093,1162.2902165552
2020-09-24,18.5315,18.7093,18.3518,18.4416,2338.1805886597
2020-09-25,18.4416,18.8001,17.9044,18.4416,3548.5944325431
2020-09-28,18.5315,18.7093,18.5315,18.7093,2314.1187749957
2020-09-29,18.5315,18.5315,18.2619,18.4416,7289.6833743987
2020-09-30,18.8001,18.8001,18.4416,18.4416,2803.7243747687
2020-10-01,18.7093,18.7093,18.4416,18.5315,1773.2510504601
2020-10-02,18.3518,18.5315,18.172,18.4416,2009.6845238547
2020-10-05,18.2619,18.4416,18.2619,18.3518,3002.4958789501
2020-10-06,18.3518,18.5315,17.9044,17.9044,9808.8506484446
2020-10-07,17.9044,18.5315,17.9044,18.4416,7621.3179366381
2020-10-08,18.4416,18.4416,18.0831,18.2619,881.91777907837
2020-10-09,18.2619,18.2619,17.6349,17.7247,12082.168956793
2020-10-12,17.9942,17.9942,17.2324,17.4571,9882.0822552483
2020-10-13,17.7247,17.7247,17.0097,17.5469,11479.57744938
2020-10-14,17.5011,17.5469,16.5624,17.4571,8948.9023514073
2020-10-15,17.2774,17.3663,16.8301,17.3663,3228.46769423
2020-10-16,17.2774,17.3663,17.1435,17.3223,4928.4871378864
2020-10-19,17.3663,17.5011,17.2774,17.3663,2170.7940588228
2020-10-20,17.1875,17.3223,17.0986,17.3223,56630.001541271
2020-10-21,17.5011,17.5011,17.1435,17.2774,527.26756898636
2020-10-22,17.4571,17.4571,17.2774,17.4122,724.99290735624
2020-10-23,17.4122,17.6807,17.3663,17.6807,1089.0586097516
2020-10-26,17.7247,17.7247,17.5469,17.5469,300.24958789501
2020-10-27,17.6807,17.9044,17.5469,17.9044,1876.8214657967
2020-10-28,17.9044,17.9044,17.0097,17.4122,2514.9826108
2020-10-29,17.4571,17.7696,17.4571,17.5469,1530.5405821965
2020-10-30,17.4571,17.4571,17.0097,17.4571,870.40995515208
2020-11-02,16.919,17.5469,16.919,17.5469,64727.324922133
2020-11-03,17.5909,17.8595,17.1435,17.8595,5148.1819582973
2020-11-04,17.9942,18.172,17.9942,18.172,2073.5006383551
2020-11-05,18.2619,19.3363,18.2619,19.3363,3635.426194896
2020-11-06,18.3518,19.2474,18.3518,18.8001,1481.3707890569
2020-11-09,18.889,19.516,17.9942,18.7093,16449.911219725
2020-11-10,18.8001,18.8001,18.4416,18.6194,1257.4913054
2020-11-12,18.7093,18.7093,18.4416,18.5315,2433.3816775045
2020-11-13,18.5315,18.5315,18.2619,18.2619,2816.2783645065
2020-11-16,18.6194,18.889,18.2619,18.3518,22646.351321126
2020-11-17,18.9788,19.2474,18.8001,19.0677,5172.2437719614
2020-11-18,19.0677,19.3363,18.5315,18.6194,5499.6936709549
2020-11-19,18.7093,19.516,18.4416,18.7093,18214.792943693
2020-11-20,18.8001,18.9788,18.6194,18.9788,36351.123451525
2020-11-23,19.0677,19.6039,19.0677,19.1566,9263.7982606631
2020-11-24,19.3363,19.8735,19.0677,19.6948,6135.7624843353
2020-11-25,19.7846,19.9634,19.6948,19.7846,2455.3511595456
2020-11-26,19.9634,19.9634,19.6039,19.9634,6592.9369439524
2020-11-27,19.8735,20.0523,19.8735,20.0523,1663.4036402546
2020-11-30,20.1421,20.1421,19.6039,20.1421,5164.920611281
2020-12-01,20.232,20.232,20.0523,20.0523,2766.0624055554
2020-12-02,20.1421,20.1421,19.8735,19.8735,1396.631358327
2020-12-03,19.9634,20.0523,19.8735,20.0523,2302.6109510694
2020-12-04,20.0523,20.1421,19.7846,19.9634,9570.324843427
2020-12-07,20.0523,20.1421,19.6948,20.0523,4990.2109207637
2020-12-08,20.0523,20.0523,19.8735,19.8735,4196.1710698498
2020-12-09,19.7846,20.232,19.7846,20.232,10695.999256581
2020-12-10,20.232,20.232,19.9634,19.9634,8971.9179992599
2020-12-11,20.0523,20.232,19.8735,20.1421,5089.5966728544
2020-12-14,20.1421,20.232,19.9634,19.9634,4716.1154781557
2020-12-15,20.0523,20.0523,19.8735,19.9634,5332.307141118
2020-12-16,19.9634,20.1421,19.8735,20.0523,2083.9622964699
2020-12-17,20.1421,20.3209,19.9634,19.9634,6060.4385459087
2020-12-18,20.1421,20.1421,19.9634,20.0523,3458.6241727557
2020-12-21,20.0523,20.1421,19.3363,19.8735,8780.4696557589
2020-12-22,20.5111,20.5111,20.1469,20.3295,2574.6140620544
2020-12-23,20.3295,20.3295,20.1469,20.2387,2052.5773221255
2020-12-28,20.4203,20.7854,20.2387,20.5111,9142.4430265313
2020-12-29,20.6028,21.2405,20.6028,21.1506,8058.6152458371
2020-12-30,21.2405,21.8799,21.1506,21.7882,15465.469191122
2021-01-04,21.8799,22.4257,21.7882,22.0616,10705.414748884
2021-01-05,23.8844,23.8844,21.8799,22.0616,17083.887701483
2021-01-07,22.1523,22.6092,21.7882,21.8799,41087.1160801
2021-01-08,22.3349,23.155,21.8799,22.1523,45175.532071366
2021-01-11,22.0616,22.2441,21.6055,21.8799,19401.144973913
2021-01-12,22.0616,22.0616,21.2405,21.3321,12190.970201187
2021-01-13,21.3321,21.5148,20.6946,20.968,8460.3429174458
2021-01-14,20.8762,20.968,20.7854,20.8762,2524.3981031033
2021-01-15,20.968,21.2405,20.7854,20.968,5032.057553223
2021-01-18,21.1506,21.1506,20.8762,21.1506,9551.4938588203
2021-01-19,21.3321,21.3321,21.1506,21.3321,13439.046014283
2021-01-20,21.6964,21.6964,21.3321,21.6055,10015.991479118
2021-01-21,21.424,21.7882,20.6028,20.968,8305.5103773466
2021-01-22,20.6028,21.424,20.3295,21.2405,30759.36718916
2021-01-25,21.424,21.424,20.968,20.968,5482.9550179712
2021-01-26,21.0587,21.2405,20.968,21.0587,4809.2242353775
2021-01-27,21.0587,21.0587,20.6028,20.968,3198.128885697
2021-01-28,20.6946,21.2405,20.6028,20.6028,3509.8862975183
2021-01-29,20.8762,21.0587,20.6028,21.0587,8190.4321380837
2021-02-01,21.2405,21.2405,20.968,21.2405,12158.53906103
2021-02-02,21.1506,21.2405,20.968,21.1506,17839.219417371
2021-02-03,21.424,22.6092,21.424,22.3349,48122.581162309
2021-02-04,22.7909,23.2468,22.2441,22.2441,16389.233602659
2021-02-05,22.2441,22.8816,22.2441,22.4257,6857.6168942571
2021-02-08,22.4257,22.8816,22.4257,22.7909,8176.8319825345
2021-02-09,22.7909,22.9734,21.9697,22.5175,7859.8437416558
2021-02-10,22.6092,22.9734,22.4257,22.4257,3803.8588905444
2021-02-11,22.7909,22.7909,22.4257,22.7,5160.7359480351
2021-02-12,22.9734,23.0652,22.3349,22.7909,3674.1343299208
2021-02-15,22.6092,22.7909,22.3349,22.3349,8708.2842147667
2021-02-16,22.7909,23.0652,22.5175,22.7,10654.152624121
2021-02-17,22.8816,23.2468,22.7,22.7,6149.3626398845
2021-02-18,22.7909,23.2468,22.5175,22.7909,4376.1115894245
2021-02-19,23.0652,23.0652,22.5175,22.7909,2072.4544725436
2021-02-22,22.8816,23.155,22.7909,22.7909,66128.140943706
2021-02-23,22.7909,23.5202,22.3349,22.7909,12983.963886289
2021-02-24,22.8816,23.4294,22.8816,23.155,10847.693299245
2021-02-25,23.5202,23.5202,23.0652,23.0652,6146.2241424501
2021-02-26,23.0652,23.155,22.6092,22.7,5958.960462195
2021-03-01,22.7909,23.3376,22.6092,22.9734,4557.0982748107
2021-03-02,22.7909,22.8816,22.6092,22.6092,5316.6146539458
2021-03-03,22.7,22.7,22.3349,22.5175,7199.7131146113
2021-03-04,22.6092,22.6092,22.3349,22.5175,2780.7087269161
2021-03-05,22.6092,22.6092,21.8799,22.0616,11459.700298962
2021-03-08,22.3349,22.5175,21.9697,21.9697,21923.450745393
2021-03-09,22.2441,22.2441,21.7882,21.9697,12268.386471236
2021-03-10,21.9697,22.0616,21.6055,21.6055,7007.2186052988
2021-03-11,21.5148,22.2441,21.5148,22.2441,8433.1426063473
2021-03-12,22.2441,22.4257,22.1523,22.2441,10819.446822335
2021-03-15,22.2441,22.3349,22.0616,22.0616,5018.4573976737
2021-03-16,22.5175,22.7,22.0616,22.6092,10406.2113268
2021-03-17,22.7909,23.7027,22.0616,22.3349,34771.413076189
2021-03-18,22.3349,22.7,21.8799,22.3349,18434.487764104
2021-03-19,22.5175,22.8816,22.2441,22.6092,52824.050319104
2021-03-22,22.7909,23.3376,22.5175,22.8816,42112.358575351
2021-03-23,23.3376,23.3376,22.7909,22.7909,18352.886830809
2021-03-24,22.8816,23.155,22.6092,22.7909,8983.4258231862
2021-03-25,22.7,22.7,22.5175,22.7,7665.2569007203
2021-03-26,22.6092,22.9734,22.3349,22.5175,7769.8734818684
2021-03-29,22.5175,22.7909,22.0616,22.1523,17577.677964501
2021-03-30,22.1523,22.1523,21.9697,22.1523,10587.198012186
2021-03-31,22.3349,22.4257,21.9697,22.4257,5463.0778675531
2021-04-01,22.4257,22.7,22.2441,22.3349,4346.818946703
2021-04-06,22.4257,22.6092,22.3349,22.3349,12808.208029961
2021-04-07,22.5175,22.5175,21.5148,22.3349,26119.621815242
2021-04-08,22.3349,22.5175,21.9697,22.2441,13492.400470668
2021-04-09,22.3349,22.3349,21.7882,22.0616,12137.615744801
2021-04-12,22.1523,22.2441,21.7882,21.8799,18682.429061426
2021-04-13,22.0616,22.0616,21.5148,21.6055,21521.723073784
2021-04-14,21.7882,21.7882,21.2405,21.3321,14133.700113107
2021-04-15,21.424,21.8799,21.424,21.6055,6166.1012928682
2021-04-16,22.3349,23.2468,21.3321,22.1523,179525.19174756
2021-04-19,22.5175,22.7909,22.1523,22.3349,31730.209062215
2021-04-20,22.4257,22.4257,21.8799,22.1523,9708.4187305424
2021-04-21,22.3349,22.4257,21.9697,22.3349,5394.0309239954
2021-04-22,22.3349,22.3349,21.7882,21.7882,20999.686333856
2021-04-23,21.7882,22.1523,21.5148,22.1523,5426.4620641513
2021-04-26,22.1523,22.3349,21.7882,22.2441,4901.2868267879
2021-04-27,22.3349,22.3349,21.3321,21.5148,42688.795937477
2021-04-28,21.7882,22.3349,21.5148,21.7882,13161.812074241
2021-04-29,21.9697,22.2441,21.9697,22.2441,10566.274695957
2021-04-30,22.2441,22.2441,21.7882,21.8799,10861.293454794
2021-05-04,22.1523,22.2441,21.8799,22.1523,9353.7685204504
2021-05-05,22.2441,22.3349,21.9697,22.1523,6017.5457476379
2021-05-06,22.2441,22.3349,21.6964,22.1523,7218.544099218
2021-05-07,22.3349,22.3349,21.9697,22.3349,11502.593097232
2021-05-10,22.3349,22.3349,22.1523,22.3349,12312.325435319
2021-05-11,22.3349,22.3349,21.9697,21.9697,12222.355175531
2021-05-12,22.2441,22.3349,21.3321,21.8799,27178.341616462
2021-05-13,21.8799,21.8799,21.6055,21.8799,3593.5795624368
2021-05-14,21.9697,22.0616,21.3321,21.7882,21348.059549078
2021-05-17,21.8799,22.0616,21.7882,22.0616,3659.4880085601
2021-05-18,22.0616,22.3349,21.6055,21.6055,26456.48720654
2021-05-19,21.8799,21.8799,21.5148,21.6964,10479.442933603
2021-05-20,21.7882,22.0616,21.6055,22.0616,7612.9486101463
2021-05-21,22.0616,22.0616,21.6055,21.8799,11822.719835545
2021-05-24,22.0616,22.0616,21.6964,21.6964,59242.277572539
2021-05-25,21.8799,22.0616,21.7882,21.8799,8482.3123994869
2021-05-26,21.8799,22.0616,21.6964,21.8799,6567.8289644769
2021-05-27,21.8799,21.8799,21.7882,21.8799,3691.919148716
2021-05-28,21.8799,21.9697,21.7882,21.9697,7918.4290270987
2021-05-31,22.0616,22.0616,21.7882,21.9697,18278.609058193
2021-06-01,21.9697,21.9697,21.7882,21.7882,9411.3076400819
2021-06-02,21.9697,21.9697,21.7882,21.9697,5090.6428386659
2021-06-04,21.9697,21.9697,21.7882,21.9697,4762.1467738609
2021-06-07,21.9697,21.9697,21.6055,21.6964,13029.995181994
2021-06-08,21.7882,21.8799,21.6055,21.6055,7860.8899074672
2021-06-09,21.6964,21.6964,21.5148,21.6964,11657.425637332
2021-06-10,21.6964,21.6964,21.3321,21.6964,12684.760464206
2021-06-11,21.6964,21.7882,21.5148,21.5148,4857.3478627057
2021-06-14,21.7882,21.9697,20.7854,20.968,45772.892749723
2021-06-15,21.0587,21.424,21.0587,21.3321,7318.9760171201
2021-06-16,21.2405,21.424,20.968,21.2405,8516.8358712657
2021-06-17,21.2405,21.2405,20.968,21.2405,5798.8970930384
2021-06-18,21.3321,21.3321,21.0587,21.2405,3722.2579572489
2021-06-21,20.968,21.3321,20.968,21.2405,5101.1044967807
2021-06-22,21.3321,21.5148,21.2405,21.5148,3660.5341743716
2021-06-23,21.5148,21.6055,21.3321,21.5148,2948.0952567531
2021-06-24,21.5148,21.7882,21.5148,21.6964,5013.2265686163
2021-06-25,21.6964,21.8799,21.3321,21.6964,4567.5599329255
2021-06-28,21.7882,21.8799,21.5148,21.7882,3111.2971233441
2021-06-29,21.8799,22.0616,21.6964,21.8799,7041.7420770777
2021-06-30,21.9697,22.0616,21.3321,21.3321,3132.2204395737
2021-07-01,21.3321,21.7882,21.3321,21.7882,2946.0029251301
2021-07-02,21.7882,21.8799,21.6055,21.7882,3111.2971233441
2021-07-05,22.0616,22.1523,21.7882,22.0616,5539.4479717912
2021-07-06,22.0616,22.1523,21.8799,21.8799,4759.0082764265
2021-07-07,21.9697,22.0616,21.6055,21.6055,2866.4943234576
2021-07-08,21.8799,21.9697,21.6964,21.7882,3568.4715829612
2021-07-09,21.8799,22.0616,21.7882,21.9697,1601.6798573772
2021-07-12,22.2441,22.2441,21.7882,21.8799,8850.5627651281
2021-07-13,21.9697,21.9697,21.3321,21.8799,10539.074384858
2021-07-14,21.8799,22.0616,21.7882,22.0616,6055.2077168513
2021-07-15,22.0616,22.3349,21.8799,22.3349,7362.9149812023
2021-07-16,22.4257,22.4257,21.8799,22.1523,8376.6496525273
2021-07-19,22.1523,22.3349,21.6055,21.6964,7735.3500100895
2021-07-20,21.6964,21.8799,21.6055,21.7882,2255.5334895527
2021-07-21,21.8799,21.8799,21.6964,21.8799,7658.9799058514
2021-07-22,21.8799,21.8799,21.6964,21.7882,1274.2299583837
2021-07-23,21.8799,21.8799,21.6964,21.8799,7124.3891761847
2021-07-26,21.8799,21.8799,21.6964,21.8799,4088.4159912672
2021-07-27,21.8799,21.9697,21.7882,21.7882,1863.2213102474
2021-07-28,21.9697,22.3349,21.6964,21.6964,46326.314463995
2021-07-29,21.6964,21.9697,21.6964,21.8799,21329.228564472
2021-07-30,21.8799,22.2441,21.8799,22.1523,12897.132123937
2021-08-02,22.1523,22.3349,22.1523,22.3349,10488.858425907
2021-08-03,22.3349,22.4257,22.0616,22.4257,5789.4816007351
2021-08-04,22.5175,22.9734,22.2441,22.7,33108.009435935
2021-08-05,22.7,22.7,22.3349,22.5175,9450.0157751067
2021-08-06,22.894,22.894,21.8579,22.3292,23602.54687282
2021-08-09,22.5175,22.7058,22.3292,22.6121,13737.203270555
2021-08-10,22.4229,22.6121,22.1408,22.5175,11099.819259812
2021-08-11,22.5175,22.5175,22.4229,22.4229,5311.3838248884
2021-08-12,22.5175,22.5175,22.1408,22.3292,7510.4243606211
2021-08-13,22.3292,22.3292,22.0462,22.3292,8841.1472728248
2021-08-16,22.3292,22.3292,22.0462,22.2345,4596.8525756469
2021-08-17,22.2345,22.3292,21.8579,22.1408,8066.984572329
2021-08-18,22.1408,22.2345,22.0462,22.1408,6881.6787079211
2021-08-19,22.1408,22.2345,21.8579,22.0462,5241.2907155191
2021-08-20,21.9525,22.1408,21.8579,21.9525,6404.6270978859
2021-08-23,22.0462,22.5175,21.5749,21.6697,25450.075695895
2021-08-24,21.6697,21.8579,21.5749,21.6697,38774.043470916
2021-08-25,21.8579,21.8579,21.5749,21.7633,17024.256250229
2021-08-26,21.7633,21.7633,21.5749,21.6697,4288.2336612601
2021-08-27,21.7633,21.8579,21.6697,21.7633,5582.3407700619
2021-08-30,21.7633,21.9525,21.7633,21.9525,3020.2806977453
2021-08-31,21.9525,21.9525,21.4813,21.6697,14656.783018847
2021-09-01,21.5749,21.6697,21.1037,21.1983,20134.507207761
2021-09-02,21.1983,21.293,20.2559,21.1037,44922.359944988
2021-09-03,21.1037,21.1037,20.7271,20.9155,9281.5830794583
2021-09-06,20.9155,20.9155,20.2559,20.8217,14226.808870329
2021-09-07,20.9155,20.9155,20.7271,20.8217,7287.5910427757
2021-09-08,20.7271,20.9155,20.3505,20.7271,9030.5032847028
2021-09-09,20.7271,20.9155,20.6335,20.7271,4631.3760474258
2021-09-10,20.7271,20.7271,20.5388,20.7271,4545.5904508844
2021-09-13,20.7271,21.4813,20.7271,21.293,18346.60983594
2021-09-14,21.6697,21.6697,21.293,21.3867,7440.3312512519
2021-09-15,21.4813,21.5749,21.0101,21.1037,9579.7403357303
2021-09-16,21.1983,21.1983,20.8217,21.1037,8030.3687689271
2021-09-17,21.1983,21.3867,20.8217,21.1037,6196.4401014012
2021-09-20,21.1983,21.1983,20.5388,20.5388,14500.904312936
2021-09-21,20.5388,20.8217,20.5388,20.6335,3600.9027231171
2021-09-22,20.8217,21.1037,20.7271,20.8217,3251.4833420825
2021-09-23,21.0101,21.1037,20.9155,21.0101,15384.914423637
2021-09-24,21.1983,21.1983,20.8217,20.8217,4880.3635105582
2021-09-27,20.8217,21.0101,20.6335,20.7271,8922.7482061203
2021-09-28,20.8217,20.8217,20.6335,20.6335,7372.3304735057
2021-09-29,20.6335,20.7271,20.6335,20.7271,5829.2359015714
2021-09-30,20.6335,20.7271,20.6335,20.7271,3044.3425114093
2021-10-01,20.8217,20.8217,20.6335,20.6335,2487.7822997015
2021-10-04,20.8217,20.8217,20.5388,20.8217,6308.3798432296
2021-10-05,20.7271,20.8217,20.6335,20.6335,5792.6200981696
2021-10-06,20.8217,20.9155,20.5388,20.6335,12669.067977033
2021-10-07,20.7271,20.7271,20.6335,20.7271,5004.8572421245
2021-10-08,20.6335,20.7271,20.5388,20.7271,18136.330507832
2021-10-11,20.7271,20.7271,20.6335,20.6335,15176.727427153
2021-10-12,20.7271,20.8217,20.6335,20.7271,3554.871427412
2021-10-13,20.8217,20.8217,20.6335,20.7271,4129.216457915
2021-10-14,20.8217,20.8217,20.6335,20.7271,6194.3477697782
2021-10-15,20.8217,20.8217,20.6335,20.7271,2229.3793442657
2021-10-18,20.7271,20.7271,19.7856,20.3505,15735.379970484
2021-10-19,20.4451,20.6335,20.2559,20.5388,9439.5541169919
2021-10-20,20.5388,20.7271,20.3505,20.6335,10427.134643029
2021-10-21,20.6335,20.7271,20.4451,20.6335,2184.3942143721
2021-10-22,20.4451,20.6335,20.4451,20.5388,2619.5991919481
2021-10-25,20.5388,20.7271,20.4451,20.4451,3661.580340183
2021-10-26,20.4451,20.7271,20.3505,20.3505,10396.795834497
2021-10-27,20.2559,20.4451,20.2559,20.4451,4383.4347501048
2021-10-28,20.4451,20.5388,20.3505,20.4451,2666.6766534647
2021-10-29,20.5388,20.5388,20.3505,20.3505,7368.1458102597
2021-11-02,20.4451,20.5388,20.0675,20.1621,11429.361490428
2021-11-03,20.1621,20.1621,19.691,19.7856,21266.458615783
2021-11-04,19.7856,19.7856,19.5027,19.5964,17837.127085749
2021-11-05,19.5964,19.7856,19.408,19.5027,16244.862720675
2021-11-08,19.5964,19.5964,19.126,19.2197,30296.961900486
2021-11-09,19.3143,19.408,18.7484,19.3143,31832.73331174
2021-11-10,19.3143,19.3143,19.0314,19.126,6160.8704638108
2021-11-12,19.2197,19.5027,18.8431,19.126,32007.443002257
2021-11-15,19.0314,19.3143,18.9368,19.126,7458.1160700471
2021-11-16,19.126,19.3143,18.7484,18.7484,26794.398763648
2021-11-17,18.8431,18.9368,18.7484,18.8431,8704.0995515208
2021-11-18,18.8431,19.0314,18.5602,18.6548,16052.368211363
2021-11-19,18.6079,18.8431,18.6079,18.7484,12307.094606261
2021-11-22,18.7484,18.9368,18.6079,18.8431,8871.4860813578
2021-11-23,18.9368,18.9368,18.6548,18.8431,7620.2717708266
2021-11-24,18.8431,18.8431,18.2304,18.3718,50848.889267028
2021-11-25,18.5133,18.6548,17.9484,17.9484,39789.870473864
2021-11-26,18.0889,18.2304,17.6187,17.9006,32395.570518316
2021-11-29,18.1367,18.3718,17.1474,17.4293,52056.164613477
2021-11-30,17.524,17.9006,17.4293,17.8537,43946.287242876
2021-12-01,18.2782,18.4665,18.1367,18.3718,20821.838145904
2021-12-02,18.3718,18.6079,18.3251,18.6079,11074.711280336
2021-12-03,18.6079,18.6079,18.3718,18.4665,21299.93592175
2021-12-06,18.3718,18.4665,18.1367,18.2782,12708.82227787
2021-12-07,18.2782,18.5602,18.1835,18.2304,19734.871867775
2021-12-08,18.2782,18.5602,18.1835,18.3251,13053.010829846
2021-12-09,18.3251,18.3718,18.1367,18.2304,15756.303286713
2021-12-10,18.2304,18.3251,17.7123,18.0889,34336.208098613
2021-12-13,18.0889,18.0889,17.6655,17.807,23557.561742927
2021-12-14,17.9006,17.9484,17.6187,17.9006,11807.027348373
2021-12-15,17.9006,17.9006,17.4293,17.7591,19452.407098675
2021-12-16,17.8537,17.9484,17.7591,17.9006,15436.1765484
2021-12-17,17.9484,17.9484,17.524,17.5709,22795.953032168
2021-12-20,17.7123,17.807,17.4771,17.5709,24530.495947604
2021-12-21,17.6187,17.7123,17.4293,17.6655,35393.88173402
2021-12-22,17.6655,17.7123,17.2889,17.4771,28396.078621026
2021-12-23,17.3356,17.7123,17.2889,17.6655,25240.842533598
2021-12-27,17.4771,17.6655,17.3356,17.6187,33047.331818869
2021-12-28,17.6187,17.9006,17.4293,17.6655,27501.606852209
2021-12-29,17.7123,18.0889,17.6655,18.0889,14325.148456608
2021-12-30,18.6548,19.0314,18.2782,18.7484,28787.344634519
2022-01-03,18.9368,19.5964,18.8431,19.3143,35310.188469102
2022-01-04,19.691,20.6335,19.408,19.691,38943.522332375
2022-01-05,19.691,19.7856,19.5027,19.5027,13589.693891136
2022-01-07,19.7856,19.7856,19.5027,19.691,14270.74783441
2022-01-10,19.691,19.7856,19.0314,19.2197,28256.938568098
2022-01-11,19.3143,19.5964,19.126,19.5027,10177.101014086
2022-01-12,19.691,19.9739,19.408,19.7856,15925.782148174
2022-01-13,19.7856,19.8793,19.3143,19.691,21030.025142388
2022-01-14,19.5954,19.691,19.0218,19.3086,21177.534521808
2022-01-17,19.4042,19.4998,19.1175,19.3086,10739.938220662
2022-01-18,19.4042,19.4042,19.0696,19.1175,9213.582301712
2022-01-19,19.2131,19.4042,18.9262,18.9262,10455.38111994
2022-01-20,19.0696,19.1175,18.6394,18.735,9066.0729222932
2022-01-21,18.735,18.974,18.4484,18.7829,8597.3906387498
2022-01-24,18.735,18.7829,17.9704,18.1616,27778.840792252
2022-01-25,17.9704,18.1616,17.588,17.8748,21004.917162913
2022-01-26,17.9704,18.3049,17.8748,18.1616,11938.844240619
2022-01-27,18.1616,18.3049,17.9704,18.3049,9115.2427154328
2022-01-28,18.3049,18.6394,18.066,18.066,12005.798852554
2022-01-31,18.3528,18.3528,17.9704,18.1616,6932.9408326837
2022-02-01,18.2572,18.5439,18.2572,18.3049,9947.9907013716
2022-02-02,18.5917,18.5917,18.1138,18.2572,13486.1234758
2022-02-03,18.3049,18.3049,18.1138,18.2094,6780.2006242075
2022-02-04,18.2572,18.3528,18.1616,18.3049,7613.9947759578
2022-02-07,18.3528,18.3528,17.6836,18.1138,9388.2919922293
2022-02-08,18.1138,18.2572,18.066,18.2572,2225.1946810198
2022-02-09,18.2572,18.5917,18.2094,18.2094,9870.574431322
2022-02-10,18.2572,18.5439,18.1616,18.3528,7158.9126479636
2022-02-11,18.2572,18.735,18.2572,18.6873,6175.5167851716
2022-02-14,18.4484,18.6394,18.1616,18.5439,9519.0627186644
2022-02-15,18.5439,18.6873,18.3049,18.4484,6383.7037816563
2022-02-16,18.6394,18.9262,18.4005,18.8785,11879.212789365
2022-02-17,18.8306,18.8785,18.4961,18.735,6347.0879782544
2022-02-18,18.735,18.7829,18.4961,18.735,4516.2978081629
2022-02-21,18.4961,18.6394,18.2094,18.4961,6836.6935780275
2022-02-22,18.2572,18.6873,18.1616,18.6394,10559.997701088
2022-02-23,18.6394,18.6873,18.1616,18.1616,13284.213474184
2022-02-24,18.0182,18.066,16.2498,17.2057,39273.064562992
2022-02-25,17.3968,18.4484,17.3968,18.4484,12720.330101796
2022-02-28,18.2572,18.2572,17.6836,18.1616,9618.4484707551
2022-03-01,18.1616,18.1616,17.7792,17.827,18540.150511064
2022-03-02,17.7792,18.1616,17.6836,17.9704,3997.3995656684
2022-03-03,17.9226,18.0182,17.6836,17.827,6531.2131610751
2022-03-04,17.827,18.066,17.7314,17.8748,7424.6387640797
2022-03-07,17.827,18.066,17.5403,18.066,14921.462969152
2022-03-08,18.066,18.066,17.827,17.9704,6605.4909336902
2022-03-09,17.7314,17.9704,17.7314,17.9704,6165.0551270568
2022-03-10,17.9704,17.9704,17.6836,17.7314,11544.439729691
2022-03-11,17.7792,17.9704,17.6836,17.9704,8491.7278917902
2022-03-14,17.9704,18.066,17.7792,18.0182,5636.7413922589
2022-03-15,18.0182,18.066,17.7792,18.0182,11370.776204986
2022-03-16,18.0182,18.066,17.8748,17.8748,13850.189178195
2022-03-17,18.0182,18.066,17.7792,18.0182,18108.084030923
2022-03-18,18.0182,18.066,17.9704,18.066,5350.0919599132
2022-03-21,18.066,18.1616,18.0182,18.066,14819.984885438
2022-03-22,18.1616,18.1616,17.9704,18.0182,10971.140864999
2022-03-23,18.0182,18.0182,17.5403,17.7314,25373.705591657
2022-03-24,17.7792,18.0182,17.7792,17.8748,3901.1523110122
2022-03-25,17.9704,18.0182,17.7792,17.7792,2567.290901374
2022-03-28,17.7792,18.066,17.6836,18.0182,18685.56755886
2022-03-29,18.066,18.2572,17.7314,17.7314,16386.095105225
2022-03-30,17.7792,17.9704,17.6358,17.9226,14159.854258394
2022-03-31,17.9226,17.9226,17.6836,17.827,9468.8467597133
2022-04-01,17.827,17.8748,17.6358,17.6836,23648.578168525
2022-04-04,17.7792,17.7792,17.588,17.6836,6443.3352329107
2022-04-05,17.6358,17.9226,17.6358,17.7314,4638.6992081062
2022-04-06,17.7792,17.8748,17.6836,17.6836,4748.5466183117
2022-04-07,17.6836,17.8748,17.6836,17.827,5772.7429477514
2022-04-08,17.7314,17.827,17.6836,17.827,1349.5538968103
2022-04-11,17.827,17.9226,17.7792,17.9226,4732.8541311394
2022-04-12,17.9226,17.9226,17.7792,17.8748,6110.6545048597
2022-04-13,17.8748,17.9704,17.7792,17.7792,3522.4402872561
2022-04-14,17.9513,18.066,17.8557,17.8557,1205.183014826
2022-04-19,18.0851,18.1041,17.7218,18.1041,6134.7163185238
2022-04-20,18.1041,18.1233,17.8557,18.066,2495.1054603819
2022-04-21,18.1233,18.1233,17.8939,17.913,1761.7432265338
2022-04-22,18.066,18.066,17.7983,17.8366,1588.079701828
2022-04-25,17.4924,18.0277,17.1101,17.3586,17394.598947492
2022-04-26,17.3012,17.7792,17.0528,17.1101,6531.2131610751
2022-04-27,17.1101,17.1101,16.8234,16.8807,16116.184325863
2022-04-28,16.8234,16.8615,16.6321,16.7277,12612.575023213
2022-04-29,16.8807,16.8807,16.6321,16.6895,4738.0849601968
2022-05-02,16.8425,16.8425,16.441,16.4983,4183.617080112
2022-05-04,16.6321,16.7086,16.288,16.288,5210.9519069862
2022-05-05,16.3454,16.3454,16.1542,16.1542,15581.593596196
2022-05-06,16.1352,16.1352,15.8483,15.9058,8151.7240030589
2022-05-09,16.2116,16.2307,15.7719,16.0204,6727.8923336335
2022-05-10,16.0586,16.0777,15.8675,16.0395,5815.6357460221
2022-05-11,16.0586,16.0586,15.294,15.6381,16537.78914789
2022-05-12,15.6381,15.6381,14.7969,14.8734,18522.365692269
2022-05-13,15.1028,15.2556,14.7969,15.0072,23268.819978957
2022-05-16,15.0072,15.0645,14.7969,14.9116,10590.336509621
2022-05-17,14.816,14.816,14.4337,14.6822,23518.853607901
2022-05-18,14.6249,14.6249,14.2999,14.3189,34733.751106976
2022-05-19,14.2424,14.3189,14.0512,14.1468,14617.02871801
2022-05-20,13.9558,14.1468,13.8028,13.8602,22734.229249291
2022-05-23,13.841,13.8602,13.669,13.8602,18735.783517811
2022-05-24,13.8602,13.8984,13.7072,13.8028,54401.668362816
2022-05-25,13.8219,14.0705,13.7072,13.7072,35730.747125318
2022-05-26,13.9558,14.0322,13.8219,13.8602,19007.786628796
2022-05-27,13.8602,13.8602,13.4778,13.669,11344.622059699
2022-05-30,13.669,14.013,13.5925,14.013,10256.609615758
2022-05-31,14.0512,14.338,13.8984,14.1278,26318.393319424
2022-06-01,14.2807,14.338,13.9749,14.0512,38473.79388302
2022-06-02,14.0512,14.1661,13.8602,14.0322,5059.2578643215
2022-06-03,14.0512,14.1851,13.9558,14.013,7461.2545674815
2022-06-06,14.1086,14.1468,13.4204,13.7836,20419.064308484
2022-06-07,13.516,13.7646,13.3822,13.5351,7145.3124924143
2022-06-08,13.4778,13.5351,13.3822,13.3822,16190.462098478
2022-06-09,13.3822,13.4778,12.9998,13.3822,10053.653448331
2022-06-10,13.3631,13.3631,13.1145,13.2484,7797.0737929669
2022-06-13,13.2484,13.2484,12.6366,12.8852,8354.6801704862
2022-06-14,12.9042,12.9042,12.6175,12.6748,7681.995553704
2022-06-15,12.866,12.9807,12.6748,12.7514,3953.4606015862
2022-06-17,12.7514,12.9425,12.5984,12.6558,1527.4020847621
2022-06-20,12.6558,13.0573,12.6558,12.9998,3051.6656720897
2022-06-21,12.9998,13.2292,12.9616,13.019,5967.3297886869
2022-06-22,12.9998,13.3248,12.7514,12.9998,4240.110033932
2022-06-23,12.9998,12.9998,12.713,12.7322,3913.7063007499
2022-06-24,12.8852,13.2867,12.7322,13.2867,4207.678893776
2022-06-27,13.2867,13.7454,13.2867,13.5734,12293.494450711
2022-06-28,13.7263,13.7263,13.5543,13.7072,3515.1171265757
2022-06-29,13.7072,13.7454,13.2867,13.7454,11565.363045921
2022-06-30,13.7646,13.7646,13.2675,13.7072,8182.0628115919
2022-07-01,13.7263,13.8028,13.5734,13.7836,2174.9787220687
2022-07-04,13.8028,13.8028,13.4013,13.5925,5087.5043412315
2022-07-05,13.7864,13.7864,12.9914,13.3792,6407.3786171916
2022-07-06,13.5731,13.8639,13.3792,13.3792,6522.9012194333
2022-07-07,13.0883,13.767,13.0883,13.767,6157.7672802051
2022-07-08,13.3986,13.9803,13.3404,13.515,2268.1625207991
2022-07-11,13.5731,13.7282,13.4762,13.6701,67129.977872292
2022-07-12,13.5925,13.6701,13.5537,13.6701,1701.8954794537
2022-07-13,13.6701,13.767,13.4762,13.7088,2439.3835205502
2022-07-14,13.7088,13.7864,13.4762,13.6313,2062.903611459
2022-07-15,13.7864,13.9997,13.6313,13.9997,6472.3600809526
2022-07-18,14.0966,14.6008,14.0966,14.3487,9260.3743118394
2022-07-19,14.4457,14.7171,14.2129,14.7171,7056.1618029954
2022-07-20,14.7366,14.8334,14.1548,14.7171,2610.6045203013
2022-07-21,14.7366,14.9304,14.1354,14.9304,10447.575340234
2022-07-22,14.9304,15.0273,14.2517,14.8141,2698.2779237883
2022-07-25,14.7947,15.0273,14.3875,14.6396,2980.8957185582
2022-07-26,14.7559,14.8141,14.2517,14.3099,4549.7339150728
2022-07-27,14.3099,14.5426,14.2129,14.5426,986.06792627739
2022-07-28,14.5426,15.008,14.2711,14.9692,3309.9288445859
2022-07-29,14.9692,14.9692,14.6201,14.911,1369.7679980088
2022-08-01,14.911,14.9304,14.6396,14.8917,958.2187275227
2022-08-02,14.8917,14.9304,14.3875,14.4845,3071.6634774624
2022-08-03,14.4845,14.9304,14.4457,14.9304,2432.1633579101
2022-08-04,14.6008,14.9304,14.5038,14.7753,1051.0493900384
2022-08-05,14.8141,14.9304,14.7171,14.9304,2151.6084667517
2022-08-08,14.9498,14.9498,14.1548,14.4457,4236.172566131
2022-08-09,14.6396,14.6396,14.3099,14.3099,1041.7663237868
2022-08-10,14.5038,14.6008,14.3099,14.6008,515.72590286475
2022-08-11,14.5426,14.5426,14.2711,14.3294,3166.5570435895
2022-08-12,14.3294,14.4263,14.2517,14.4263,960.28163113416
2022-08-16,14.5426,14.6396,14.4263,14.5814,2973.6755559181
2022-08-17,14.6008,14.6977,14.1548,14.3294,3860.7241088455
2022-08-18,14.3681,14.3875,13.2822,13.6313,10049.434943222
2022-08-19,13.6119,13.8446,13.6119,13.8446,2998.4303992556
2022-08-22,13.8446,13.8446,13.5731,13.7282,1178.9494139488
2022-08-23,13.6313,13.7476,13.5343,13.5731,1515.2027026166
2022-08-24,13.5731,13.6313,13.4762,13.5537,2647.7367853076
2022-08-25,13.5731,13.6506,13.418,13.4955,2168.1116956434
2022-08-26,13.418,13.5537,13.2822,13.2822,2645.6738816961
2022-08-29,13.5731,13.5731,13.1659,13.4568,4694.1371678749
2022-08-30,13.4568,13.9609,13.3792,13.7864,1989.6705332522
2022-08-31,13.6701,13.6701,13.3792,13.5537,5687.4252567924
2022-09-01,13.5537,13.5731,13.0883,13.5343,6470.2971773411
2022-09-02,13.5343,13.5537,13.3792,13.5537,3180.9973688697
2022-09-05,13.5343,13.5343,13.418,13.418,535.32348717361
2022-09-06,13.418,13.5343,13.3792,13.3792,1680.2349915333
2022-09-07,13.3792,13.4955,13.2822,13.4568,2186.6778281465
2022-09-08,13.4762,13.4762,13.2822,13.4374,1390.3970341234
2022-09-09,13.4374,13.4762,13.3404,13.4762,12715.737861033
2022-09-12,13.4762,14.0578,13.4762,13.7088,9858.6163591625
2022-09-13,14.0385,14.0385,13.6894,13.7864,2334.1754363658
2022-09-14,13.7864,13.9803,13.418,13.9222,1612.1591723552
2022-09-15,13.9222,14.116,13.3792,13.8057,4695.1686196806
2022-09-16,13.5731,13.5731,13.3016,13.5731,5560.5566846877
2022-09-19,13.4762,13.5537,13.1853,13.3598,2912.8198993801
2022-09-20,13.4568,13.4568,13.1465,13.1465,1101.5905285191
2022-09-21,13.3792,13.3792,13.0883,13.3598,7917.4240607796
2022-09-22,13.3016,13.3986,13.2629,13.2629,2420.8173880471
2022-09-23,13.4955,13.4955,13.2241,13.3016,1751.4051661287
2022-09-26,13.4374,13.4374,12.8945,12.8945,6396.0326473286
2022-09-27,12.9332,13.1659,12.8362,12.8945,3310.9602963917
2022-09-28,12.875,12.9914,12.8362,12.9914,1390.3970341234
2022-09-29,13.1465,13.1853,12.8169,12.8362,1114.9994019936
2022-09-30,12.8362,13.2241,12.8362,13.1853,1710.1470938995
2022-10-03,12.972,13.1659,12.8169,12.8945,1582.247069989
2022-10-04,13.1465,13.1659,12.9138,13.1659,1514.1712508109
2022-10-05,13.1853,13.2822,13.0496,13.2047,1086.1187514332
2022-10-06,13.0108,13.2434,12.9138,13.2434,3320.2433626432
2022-10-07,13.2241,13.3598,13.2241,13.3404,3939.1144460809
2022-10-10,13.3404,13.3598,13.0883,13.2629,812.78402291484
2022-10-11,13.2822,13.2822,12.9527,13.2629,906.64613723622
2022-10-12,13.2629,13.3598,13.0883,13.3404,1074.7727815701
2022-10-13,13.1465,13.3598,13.1271,13.2047,1185.1381247832
2022-10-14,13.1853,13.3598,13.1853,13.3598,1881.3680936506
2022-10-17,13.1853,13.3404,12.9332,13.2434,1990.7019850579
2022-10-18,13.1465,13.321,13.1465,13.1853,647.75173399812
2022-10-19,13.1853,13.2822,13.0108,13.0883,1378.0196124546
2022-10-20,13.1853,13.1853,13.0883,13.1853,1380.0825160661
2022-10-21,13.1853,13.321,13.0883,13.2434,8258.834608476
2022-10-24,13.1853,13.2241,12.9332,13.2241,2011.3310211725
2022-10-25,13.2241,13.2241,12.9914,13.1465,4098.989475969
2022-10-26,13.1271,13.1853,12.9914,13.069,1194.4211910348
2022-10-27,13.2047,13.2434,13.1465,13.2434,873.63967945288
2022-10-28,13.1853,13.3598,13.0496,13.3404,4018.5362351221
2022-10-31,13.3404,13.418,13.1465,13.3986,5196.4541972652
2022-11-02,13.3986,13.6506,13.3986,13.6313,6373.3407076025
2022-11-03,13.5731,13.5731,13.2822,13.2822,3390.3820854328
2022-11-04,13.4762,13.7088,13.321,13.6701,7747.2345128342
2022-11-07,13.767,14.0578,13.6701,13.8639,7699.7877297706
2022-11-08,13.8639,14.0191,13.6701,14.0191,4714.7662039895
2022-11-09,13.9997,14.0191,13.6894,13.9609,3294.4570675
2022-11-10,13.9609,14.2129,13.767,14.2129,3292.3941638885
2022-11-14,14.4457,14.5426,14.2711,14.5232,5839.0486722346
2022-11-15,14.5426,14.5426,14.3099,14.4263,4327.9717768409
2022-11-16,14.3099,14.5426,14.1548,14.3099,2401.2198037383
2022-11-17,14.1354,14.1354,13.767,13.7864,5852.4575457091
2022-11-18,13.8446,14.1548,13.6701,14.1354,4936.5283422213
2022-11-21,14.116,14.2324,14.0191,14.1742,675.60093275282
2022-11-22,14.8917,14.8917,14.562,14.8334,6731.2544841907
2022-11-23,14.8334,14.8917,14.6201,14.7366,2084.5640993793
2022-11-24,14.6783,14.8141,14.6201,14.6396,4452.7774453342
2022-11-25,14.5814,14.5814,14.4457,14.5814,1839.0785696157
2022-11-28,14.5426,14.5814,14.0385,14.3487,2272.2883280221
2022-11-29,14.5426,14.5814,14.2129,14.3099,2872.5932789566
2022-11-30,14.2517,14.5814,14.2517,14.5814,3019.0594353702
2022-12-01,14.5814,14.7366,14.4457,14.7171,2704.4666346227
2022-12-02,14.7171,14.7171,14.5038,14.7171,2324.8923701143
2022-12-05,14.7171,14.7753,14.4457,14.6783,7164.464242597
2022-12-06,14.6783,14.6977,14.2517,14.2517,10507.399544966
2022-12-07,14.2517,14.5426,13.9609,14.3487,4904.5533362437
2022-12-08,14.5038,14.5426,14.0578,14.2517,3111.8900978859
2022-12-09,14.4845,14.4845,14.0966,14.3099,1910.248744211
2022-12-12,14.3487,14.3487,14.0966,14.3294,3963.8692894184
2022-12-13,14.3294,14.3294,13.9609,14.2324,8111.3370002567
2022-12-14,14.1548,14.2517,14.0191,14.0191,5036.5791673771
2022-12-15,14.0966,14.0966,13.1853,13.9609,10778.671369873
2022-12-16,13.9609,13.9609,13.5731,13.7476,3248.0417362422
2022-12-19,13.6701,13.6701,13.5731,13.6701,7991.6885907921
2022-12-20,13.6701,13.7476,13.6119,13.6313,2093.8471656309
2022-12-21,13.6313,13.7282,13.5343,13.5731,7358.3771820742
2022-12-22,13.5731,13.6506,13.4374,13.4955,14618.766442604
2022-12-23,13.3792,13.4762,13.2822,13.3016,10948.860917819
2022-12-27,13.2629,13.3016,12.8945,12.8945,25208.682132029
2022-12-28,13.069,13.0883,12.8362,13.0302,19576.955272746
2022-12-29,13.0883,13.3792,13.0883,13.2822,3552.3200189324
2022-12-30,13.3986,13.5731,13.2822,13.4955,3440.9232239136
2023-01-02,13.4955,13.9803,13.418,13.9803,4170.1596505643
2023-01-03,13.9609,14.0578,13.8639,13.8834,4614.7153788337
2023-01-04,14.0578,14.3294,14.0578,14.3294,14214.437334758
2023-01-05,14.3487,14.5232,14.2517,14.5232,68031.4667505
2023-01-09,14.5426,14.5426,14.3487,14.5232,4493.0040657577
2023-01-10,14.5232,14.5426,14.3875,14.4263,8778.6863185637
2023-01-11,14.5038,14.5426,14.3875,14.5038,10172.177708104
2023-01-12,14.5232,14.5426,14.3487,14.4845,5844.2059312633
2023-01-13,14.0966,14.3099,13.9222,14.2517,19891.548073493
2023-01-16,14.2324,14.2324,13.9609,14.1548,9064.3984687508
2023-01-17,14.1354,14.1742,13.9803,14.0578,1910.248744211
2023-01-18,14.0578,14.1742,13.9609,14.1354,3971.0894520585
2023-01-19,14.0191,14.116,13.0302,13.2822,41891.383637898
2023-01-20,13.1465,13.5537,13.0883,13.1853,22320.617075986
2023-01-23,13.0883,13.515,13.069,13.4374,20074.115043107
2023-01-24,13.4762,13.8639,13.4762,13.8252,12273.245036375
2023-01-25,13.8446,13.8446,13.4762,13.5731,9193.329944467
2023-01-26,13.5731,13.8446,13.5731,13.767,4363.0411382357
2023-01-27,13.6701,13.767,13.4955,13.767,6184.585027154
2023-01-30,13.6119,13.7476,13.2434,13.4374,8665.2266199335
2023-01-31,13.3016,13.7476,13.2822,13.5731,5479.0719920351
2023-02-01,13.5731,13.7476,13.3792,13.5731,3894.7620184346
2023-02-02,13.7282,13.767,13.5731,13.6506,3145.9280074749
2023-02-03,13.6701,13.9415,13.6506,13.8639,12271.182132764
2023-02-06,13.8639,13.9609,13.767,13.8834,4403.2677586592
2023-02-07,13.8834,13.8834,13.5925,13.767,2540.4657975117
2023-02-08,13.767,14.0385,13.7282,13.9027,3288.2683566656
2023-02-09,13.9027,14.0385,13.7476,13.767,3818.4345848106
2023-02-10,13.6313,13.7282,13.2822,13.7282,124245.59016276
2023-02-13,13.7476,13.7476,13.4762,13.6313,2735.4101887946
2023-02-14,13.6313,13.7282,13.5731,13.5731,767.40014346274
2023-02-15,13.6701,13.7476,13.5731,13.7088,1281.063142716
2023-02-16,13.7282,13.7282,13.5343,13.6894,2277.4455870507
2023-02-17,13.7088,13.7476,13.5537,13.6701,4823.0686435911
2023-02-20,13.6701,13.767,13.5731,13.5731,1510.045443588
2023-02-21,13.7282,13.7282,13.5731,13.5925,1424.4349437124
2023-02-22,13.6701,13.6701,13.5731,13.5925,2269.1939726049
2023-02-23,13.5925,13.767,13.5925,13.6894,1502.8252809479
2023-02-24,13.7088,14.0385,13.7088,13.9609,4410.4879212993
2023-02-27,14.0385,14.1354,13.515,13.5343,16842.576535757
2023-02-28,13.7476,13.9415,13.515,13.5731,35323.098539012
2023-03-01,13.6701,13.6701,13.418,13.5731,14086.537310848
2023-03-02,13.5731,13.7282,13.4762,13.5731,18972.524514588
2023-03-03,13.5731,13.6119,13.5537,13.5731,7639.9635250383
2023-03-06,13.5731,13.6701,13.5343,13.5343,6335.1769907905
2023-03-07,13.5731,13.6506,13.5343,13.5731,7148.9924655111
2023-03-08,13.5537,13.5731,13.321,13.5731,9365.5823960238
2023-03-09,13.5731,13.5731,13.3792,13.5537,5060.3025589089
2023-03-10,13.5537,13.5731,13.4568,13.515,4102.0838313862
2023-03-13,13.4762,13.5731,13.2047,13.4568,10929.26333351
2023-03-14,13.3986,13.5731,13.0883,13.5731,7659.5611093472
2023-03-15,13.5537,13.5731,13.2822,13.418,5055.1452998802
2023-03-16,13.4762,13.5537,13.1659,13.2629,4225.8580480737
2023-03-17,13.2434,13.5731,13.2434,13.5731,143798.82204397
2023-03-20,13.5731,13.5925,13.3792,13.5731,4112.3983494435
2023-03-21,13.5925,13.5925,13.2822,13.5537,4223.7951444623
2023-03-22,13.4955,13.6313,13.4762,13.6313,3286.2054530542
2023-03-23,13.6506,13.6701,13.4762,13.5731,4456.9032525571
2023-03-24,13.5731,13.5731,13.4762,13.4762,545.6380052309
2023-03-27,13.5537,13.6506,13.515,13.5343,4012.3475242877
2023-03-28,13.6701,13.767,13.5343,13.5731,6217.5914849374
2023-03-29,13.6506,14.2129,13.6119,14.2129,13521.301721308
2023-03-30,14.2129,14.2517,13.8834,14.1354,9423.3436971446
2023-03-31,14.2324,14.3099,13.9803,14.1742,10225.813202002
2023-04-03,14.1742,14.1742,14.0773,14.116,8301.1241325109
2023-04-04,14.1548,14.3487,14.0578,14.2711,6006.1438647628
2023-04-05,14.0773,14.2324,14.0578,14.1742,2179.4576655064
2023-04-06,14.2906,15.0273,14.1354,14.9304,70954.601167937
2023-04-11,14.9498,16.2296,14.6589,15.5121,28830.109421945
2023-04-12,15.6285,15.7448,15.1049,15.5121,17802.858166891
2023-04-13,15.7061,16.0745,15.3957,15.7836,10367.122099387
2023-04-14,15.7836,15.8999,15.3764,15.6091,10796.206050571
2023-04-17,15.6091,15.8999,15.6091,15.8029,4465.154867003
2023-04-18,15.8612,15.8805,15.6285,15.7061,15002.466514335
2023-04-19,15.6866,15.7836,15.4152,15.6673,6574.4738097198
2023-04-20,15.7061,15.7061,15.0273,15.6091,4249.5814396055
2023-04-21,15.3182,15.5606,15.3182,15.5121,2208.3383160668
2023-04-24,15.5121,15.5121,15.1728,15.2698,4425.9596983852
2023-04-25,15.2213,15.2698,15.1243,15.2213,3303.7401337516
2023-04-26,15.1728,15.5121,15.0273,15.3182,8447.5902889245
2023-04-27,15.5121,15.5121,15.1728,15.1728,9566.715498141
2023-04-28,15.2698,15.4152,15.0273,15.0759,9053.0524988877
2023-05-02,15.3182,15.4152,15.0273,15.2213,2258.8794545476
2023-05-04,15.3182,15.3182,14.688,14.9304,6092.7858164441
2023-05-05,14.785,14.9304,14.688,14.9304,12338.226500136
2023-05-08,14.8819,14.9304,14.7366,14.785,3462.5837118339
2023-05-09,14.785,15.2213,14.7366,15.0759,11463.555368878
2023-05-10,15.0273,15.2213,14.9304,15.0273,2948.9207125806
2023-05-11,15.0273,15.1728,14.688,14.9304,5416.1534318856
2023-05-12,14.785,14.9304,14.7366,14.9304,3917.4539581606
2023-05-15,14.9304,15.0273,14.7366,14.9789,7685.3474044904
2023-05-16,14.8819,15.3182,14.8819,15.2698,6764.260941974
2023-05-17,15.2213,15.8029,15.2213,15.7061,17513.020209481
2023-05-18,15.9484,16.4816,15.8029,16.3847,149058.19480139
2023-05-19,15.9968,16.3362,15.8029,16.3362,11108.735947707
2023-05-22,16.3847,16.724,16.1908,16.5301,72153.148166195
2023-05-23,16.724,16.724,16.5301,16.5301,10075.221238366
2023-05-24,16.4816,16.4816,15.8999,16.0938,7727.6369285253
2023-05-25,16.1423,16.4816,16.0938,16.4331,11780.211073237
2023-05-26,16.4331,16.821,16.4331,16.821,8243.3628313901
2023-05-29,16.821,16.8694,16.1423,16.4816,8772.4976077293
2023-05-30,16.6756,16.821,16.3847,16.4331,3421.3256396047
2023-05-31,16.4331,16.9179,16.1908,16.3847,11216.006935502
2023-06-01,16.3847,16.5301,16.3362,16.4816,5714.2430037414
2023-06-02,16.627,16.9179,16.4816,16.821,25384.028939003
2023-06-05,16.821,16.821,15.1728,16.1908,117154.35899837
2023-06-06,15.9968,16.4331,15.7061,16.3847,6523.932671239
2023-06-07,16.3847,16.4816,16.0454,16.2877,2665.271466005
2023-06-09,16.1908,16.3847,16.0454,16.1908,4023.6934941507
2023-06-12,16.2877,16.4816,16.1908,16.4816,2942.7320017462
2023-06-13,16.2877,16.6756,16.1908,16.3847,17677.021046592
2023-06-14,16.5786,16.627,16.1423,16.3847,5217.0832333798
2023-06-15,16.1908,16.3847,15.8999,16.1423,6841.6198274037
2023-06-16,16.1908,16.3362,15.9968,16.2877,6729.1915805792
2023-06-19,16.2877,16.2877,15.8999,16.0454,5526.5187750986
2023-06-20,16.0454,16.3847,15.9968,16.1423,3085.0723509369
2023-06-21,16.1423,16.2877,15.8999,16.1423,2953.0465198035
2023-06-22,16.1423,16.2393,15.7061,15.8999,6655.9585023724
2023-06-23,15.8999,16.1423,15.6091,15.6575,3368.7215975125
2023-06-26,15.8515,15.9484,15.7061,15.7545,2437.3206169388
2023-06-27,15.7545,15.9968,15.6091,15.9968,5833.891413206
2023-06-28,15.8999,16.5786,15.8999,16.3847,22711.537310358
2023-06-29,16.4816,16.627,16.3847,16.4816,10633.236665265
2023-06-30,16.627,16.6756,16.2877,16.4816,5020.0759384854
2023-07-03,16.5301,16.7724,16.2877,16.7724,7688.4417599076
2023-07-04,16.7724,16.7724,16.3362,16.5301,2982.9586221697
2023-07-05,16.7724,16.7724,16.2393,16.4816,4384.7016261561
2023-07-06,16.4331,16.4331,16.2393,16.3847,13293.350872242
2023-07-07,16.2877,16.3847,15.9968,16.3362,4497.1298729806
2023-07-10,16.0454,16.4816,16.0454,16.2877,2455.8867494419
2023-07-11,16.4816,16.5786,16.1423,16.3362,1500.7623773364
2023-07-12,16.3362,16.5786,16.0938,16.2877,3461.5522600282
2023-07-13,16.2877,16.5301,16.0938,16.1423,5799.8535036169
2023-07-14,16.1423,16.7724,16.0454,16.724,10826.118152937
2023-07-17,16.7724,17.4512,16.0938,17.0633,31623.28091186
2023-07-18,17.2087,17.3542,16.6756,16.9179,9409.9348236701
2023-07-19,16.5301,17.2572,16.5301,16.6756,15660.532766391
2023-07-20,16.6756,17.2572,16.6756,16.6756,5233.5864622714
2023-07-21,16.724,16.9664,16.627,16.9179,2803.4860079728
2023-07-24,16.9664,17.0149,16.4816,16.821,7040.6900259095
2023-07-25,16.821,17.1603,16.7724,16.9179,3407.9167661302
2023-07-26,16.9664,17.0633,16.4816,16.6756,6525.9955748505
2023-07-27,16.5301,16.6756,16.4816,16.5786,12026.728054806
2023-07-28,16.6756,16.821,16.4816,16.724,3626.5845489449
2023-07-31,16.7733,16.7733,16.4773,16.6747,4122.972972918
2023-08-01,16.6747,16.6747,16.3787,16.3787,4768.5810810175
2023-08-02,16.3787,16.3787,15.984,16.2307,7365.2027026045
2023-08-03,16.0827,16.0827,15.7867,15.9347,11529.729729576
2023-08-04,15.984,16.3787,15.9347,16.3787,10319.594594457
2023-08-07,16.28,16.3293,15.9347,16.28,2637.162162127
2023-08-08,16.1813,16.1813,15.7867,15.8853,7085.4729728785
2023-08-09,15.7867,15.8853,15.4413,15.5893,10665.202702561
2023-08-10,15.6387,15.7867,15.4413,15.7373,4763.51351345
2023-08-11,15.688,15.8853,15.4907,15.54,4316.5540539965
2023-08-14,15.392,15.6387,15.392,15.6387,3074.999999959
2023-08-16,15.688,16.0333,15.4907,15.6387,4959.1216215555
2023-08-17,15.5893,15.688,15.4413,15.4413,1459.45945944
2023-08-18,15.4907,15.5893,15.4413,15.4413,5105.0675674995
2023-08-21,15.4413,15.5893,15.4413,15.5893,8297.6351350245
2023-08-22,15.54,15.984,15.4907,15.7867,4564.864864804
2023-08-23,15.7867,15.836,15.54,15.688,960.810810798
2023-08-24,15.7373,15.7373,15.392,15.392,4366.216216158
2023-08-25,15.392,15.5893,15.392,15.4907,2499.324324291
2023-08-28,15.392,15.54,15.392,15.54,3914.189189137
2023-08-29,15.5893,15.5893,15.392,15.5893,7607.432432331
2023-08-30,15.5893,15.688,15.392,15.4413,3835.135135084
2023-08-31,15.4907,15.984,15.4413,15.7373,6702.3648647755
2023-09-01,15.54,15.9347,15.54,15.7373,2406.081081049
2023-09-04,15.7373,15.7867,15.6387,15.6387,3727.702702653
2023-09-05,15.7867,15.8853,15.4907,15.6387,10260.810810674
2023-09-06,15.6387,15.7867,14.948,15.392,8266.216216106
2023-09-07,15.4413,15.5893,15.096,15.4413,4929.729729664
2023-09-08,15.4907,15.7373,15.392,15.54,3254.3918918485
2023-09-11,15.54,15.6387,15.244,15.392,6601.0135134255
2023-09-12,15.1947,15.392,15.1453,15.1947,2624.999999965
2023-09-13,15.1947,15.4413,15.1947,15.1947,2986.8243242845
2023-09-14,15.3427,15.392,15.1947,15.392,2127.3648648365
2023-09-15,15.392,15.4413,15.1947,15.392,3050.675675635
2023-09-18,15.244,15.4413,14.8,15.096,10002.364864732
2023-09-19,15.0467,15.1947,14.8987,15.1947,1451.351351332
2023-09-20,15.1453,15.1947,14.8,15.096,3167.2297296875
2023-09-21,15.096,15.096,14.8493,14.8987,1391.5540540355
2023-09-22,14.8493,15.0467,14.7013,14.8,4916.5540539885
2023-09-25,14.652,15.096,14.652,14.7507,8793.243243126
2023-09-26,14.8,14.8,13.764,14.6027,7554.729729629
2023-09-27,14.6027,14.652,13.912,14.1587,7202.027026931
2023-09-28,14.208,14.208,13.912,14.0107,3047.6351350945
2023-09-29,14.1093,14.4547,13.9613,14.2573,3984.1216215685
2023-10-02,14.356,14.5533,14.0107,14.2573,2915.8783783395
2023-10-03,14.2573,14.4547,14.1587,14.2573,728.7162162065
2023-10-04,14.06,14.356,14.06,14.208,960.810810798
2023-10-05,14.356,14.7013,14.356,14.4053,2254.054054024
2023-10-06,14.4053,14.5533,14.1093,14.356,3767.2297296795
2023-10-09,14.0107,14.652,14.0107,14.6027,4702.70270264
2023-10-10,14.5533,14.8987,14.5533,14.8987,2807.432432395
2023-10-11,14.8987,15.0467,14.06,14.9973,2943.243243204
2023-10-12,14.8493,15.0467,14.4547,14.8987,4756.4189188555
2023-10-13,14.8987,15.3427,14.8493,15.096,8243.918918809
2023-10-16,15.3427,15.392,15.096,15.3427,2083.783783756
2023-10-17,15.3427,15.7373,15.096,15.096,16798.986486262
2023-10-18,15.096,15.2933,14.8493,15.1947,6897.972972881
2023-10-19,15.244,15.244,14.948,14.9973,1386.486486468
2023-10-20,14.9973,15.096,14.7013,14.8,2568.243243209
2023-10-23,14.8,14.948,14.6027,14.8,4449.324324265
2023-10-24,14.7507,14.8,14.504,14.6027,3286.8243242805
2023-10-25,14.5533,14.7507,14.5533,14.7013,1026.6891891755
2023-10-26,14.7507,14.8,14.6027,14.6027,1868.918918894
2023-10-27,14.7013,14.7013,14.504,14.7013,5429.3918918195
2023-10-30,14.7013,14.7507,14.4053,14.5533,4025.675675622
2023-10-31,14.6027,14.7507,14.504,14.6027,2318.918918888
2023-11-02,14.4547,14.948,14.4053,14.7013,11851.013513355
2023-11-03,14.7013,14.8,14.504,14.7013,2657.432432397
2023-11-06,14.8,15.1947,14.6027,14.7013,6835.135135044
2023-11-07,14.7013,14.8493,14.7013,14.8,3740.8783783285
2023-11-08,14.8,14.8987,14.8,14.8493,1684.459459437
2023-11-09,14.8,14.948,14.3067,14.7507,12416.554053888
2023-11-10,14.6027,14.8987,14.6027,14.7507,4027.702702649
2023-11-13,14.8,14.8987,14.7013,14.7507,5355.405405334
2023-11-14,14.8,14.8,14.5533,14.652,9210.810810688
2023-11-15,15.0467,15.0467,14.4547,14.5533,34808.108107644
2023-11-16,14.7013,14.8493,14.5533,14.7013,60540.202701895
2023-11-17,14.7507,14.7507,14.4547,14.504,31296.283783366
2023-11-20,14.4547,14.6027,14.356,14.6027,17622.972972738
2023-11-21,14.652,14.7013,14.356,14.6027,15497.635134928
2023-11-22,14.7013,15.1947,14.7013,14.8493,19943.918918653
2023-11-23,14.8493,15.392,14.8493,15.1947,11932.094594435
2023-11-24,15.244,15.2933,15.096,15.244,10975.337837691
2023-11-27,15.244,15.244,14.948,15.0467,13803.040540357
2023-11-28,14.9973,15.1453,14.8987,14.948,15351.689188984
2023-11-29,14.948,14.948,14.6027,14.8,10156.418918783
2023-11-30,14.8,14.948,14.7507,14.948,9686.1486485195
2023-12-01,14.948,14.948,14.7013,14.948,8496.2837836705
2023-12-04,14.948,14.948,14.7013,14.8493,8317.9054052945
2023-12-05,14.8,14.948,14.8,14.948,7845.6081080035
2023-12-06,14.948,14.948,14.8493,14.948,8583.4459458315
2023-12-07,14.8987,14.948,14.7507,14.8,10280.067567431
2023-12-08,14.8,14.9973,14.7013,14.9973,45848.310810199
2023-12-11,14.9973,15.0467,14.8493,14.8987,9034.459459339
2023-12-12,14.8987,14.8987,14.7013,14.8987,15205.74324304
2023-12-13,14.8987,14.8987,14.8,14.8,4463.513513454
2023-12-14,15.1,15.15,14.95,15,4469
2023-12-15,15,15,14.9,15,13103
2023-12-18,15,15.25,14.9,15,33388
2023-12-19,15.05,15.1,14.7,14.9,25233
2023-12-20,14.9,15.2,14.85,15.2,16760
2023-12-21,15.1,15.25,14.95,15.2,13618
2023-12-22,15.2,15.2,14.8,15,19177
2023-12-27,15,15.05,14.7,14.95,34806
2023-12-28,15,15.2,14.9,15.15,12542
2023-12-29,15.15,15.9,15,15.7,16205
2024-01-02,15.75,16.5,15.6,15.95,44801
2024-01-03,15.95,16.15,15.6,16.05,36936
2024-01-04,16,16,15.5,15.75,11290
2024-01-05,15.75,16,15.6,15.95,8070
2024-01-08,15.95,15.95,15.65,15.9,13654
2024-01-09,15.8,16.1,15.8,15.9,6146
2024-01-10,15.9,16,15.85,16,6155
2024-01-11,16,16,15.75,15.9,5010
2024-01-12,15.9,15.95,15.75,15.9,3766
2024-01-15,15.9,15.9,15.55,15.7,6169
2024-01-16,15.65,16,15.55,15.55,4808
2024-01-17,15.55,15.75,15.2,15.25,11942
2024-01-18,15.25,15.4,15.2,15.35,2867
2024-01-19,15.4,15.55,15.25,15.3,11181
2024-01-22,15.3,15.45,15.15,15.4,3850
2024-01-23,15.3,15.45,15.15,15.4,5861
2024-01-24,15.4,15.55,15.3,15.4,10264
2024-01-25,15.4,15.45,15.15,15.35,5890
2024-01-26,15.3,15.35,15.05,15.35,7536
2024-01-29,15.35,15.45,15.2,15.35,4203
2024-01-30,15.35,15.4,15.1,15.25,9813
2024-01-31,15.3,15.3,15.05,15.2,6707
2024-02-01,15.1,15.45,15.05,15.45,10567
2024-02-02,15.5,15.95,15.3,15.65,21681
2024-02-05,15.6,15.7,15.4,15.4,20023
2024-02-06,15.5,15.5,15.25,15.25,10190
2024-02-07,15.2,15.3,15.2,15.25,3392
2024-02-08,15.25,15.3,15.1,15.3,5159
2024-02-09,15.3,15.5,15.15,15.25,5170
2024-02-12,15.45,15.45,15.2,15.4,2064
2024-02-13,15.35,15.4,15.15,15.2,3279
2024-02-14,15.15,15.4,15.15,15.35,4745
2024-02-15,15.5,15.5,15.1,15.15,22737
2024-02-16,15.25,15.35,15.15,15.3,9338
2024-02-19,15.35,15.35,15.1,15.25,15992
2024-02-20,15.2,15.3,15.1,15.2,11655
2024-02-21,15.2,15.25,15.05,15.15,6836
2024-02-22,15.1,15.35,15.05,15.35,6897
2024-02-23,15.3,15.85,15.2,15.5,24790
2024-02-26,15.6,16.45,15.55,16.05,30789
2024-02-27,16.05,16.25,15.95,16.2,17985
2024-02-28,16.2,16.45,15.55,15.7,13140
2024-02-29,15.6,15.8,15.4,15.55,49187
2024-03-01,15.55,15.65,15.4,15.4,44819
